head_id,pca_90,pca_95,pca_99,evr_pc1,evr_pc2,evr_pc3,pr,twonn,mle,shannon_entropy,eff_rank,layer,block,head,pca_obj,head_dim,separability,silhouette,davies_bouldin,lr_mean,lr_std,ridge_mean,ridge_std,per_class_mean,per_class_std,spec_index,selectivity,top1_class,top1_activation,top2_class,top3_class,cluster
L0_B0_H0,2,3,6,0.5579737,0.34724346,0.048467692,2.299638,6.326252926710371,5.793876107678842,1.0491545,2.8552358,0,0,0,PCA(n_components=24),24,1.4384513588039856,-0.23269610106945038,6.551880120896876,0.253,0.009273618495495711,0.19049999999999997,0.014177446878757823,0.285,0.20772578077840986,1.466002106666565,0.4690968096256256,46.0,0.7412458658218384,6.0,36.0,5
L0_B0_H1,3,4,6,0.5260886,0.2182374,0.15614292,2.8383398,6.833722758860727,5.894214022712085,1.3191545,3.7402575,0,0,1,PCA(n_components=24),24,1.4052885572514522,-0.21753381192684174,6.0385282497239725,0.27799999999999997,0.016985287751463022,0.2245,0.011554220008291349,0.331,0.20399509798031915,1.3647987842559814,0.15936918556690216,46.0,0.6647528409957886,6.0,36.0,5
L0_B0_H2,4,4,5,0.59401625,0.1641601,0.12783259,2.468358,5.40322557115974,5.21354091007792,1.1875097,3.2789054,0,0,2,PCA(n_components=24),24,1.3765145064854847,-0.20643477141857147,6.563717625445015,0.20700000000000002,0.012884098726725125,0.17950000000000002,0.009924716620639608,0.24650000000000002,0.2043899459366825,1.4593098163604736,0.3969768285751343,46.0,0.6594613194465637,6.0,36.0,5
L0_B0_H3,4,6,8,0.3098333,0.2836049,0.22543158,4.2133446,7.629512458522348,6.690883268468127,1.6372912,5.141224,0,0,3,PCA(n_components=24),24,1.390077200442058,-0.17574544250965118,4.724735427401306,0.33399999999999996,0.015215124054702931,0.2395,0.013546217184144066,0.407,0.20736682473336954,1.2274158000946045,0.10661828517913818,20.0,0.31205087900161743,48.0,33.0,3
L0_B1_H0,5,7,12,0.4579231,0.28415772,0.09621076,3.2895365,8.121339539145527,7.392331007668616,1.5737906,4.824903,0,1,0,PCA(n_components=24),24,1.3827775277035488,-0.1770389974117279,5.396055896565431,0.41050000000000003,0.030306764921383476,0.3275,0.010368220676663849,0.49800000000000005,0.17740067643613988,0.8694047331809998,0.33854785561561584,26.0,0.23908118903636932,41.0,48.0,2
L0_B1_H1,3,5,8,0.59199303,0.23668471,0.07872702,2.4109817,6.172416291286561,6.003530120299163,1.2271004,3.4113235,0,1,1,PCA(n_components=24),24,1.493064770280169,-0.1956493854522705,5.2920551013495105,0.40099999999999997,0.025029982021567653,0.333,0.016462077633154316,0.4725,0.21161580753809486,1.3392366170883179,0.466792494058609,46.0,0.953504741191864,6.0,36.0,6
L0_B1_H2,4,5,9,0.40648133,0.30279997,0.17332952,3.4427896,5.846717379046812,6.126813518428984,1.4886887,4.431281,0,1,2,PCA(n_components=24),24,1.4943341372039083,-0.18280214071273804,4.837554325787417,0.4365,0.02686075203712658,0.339,0.017435595774162687,0.509,0.19985995096566997,1.1987574100494385,0.39368000626564026,46.0,0.6300421953201294,6.0,36.0,6
L0_B1_H3,5,6,10,0.41454926,0.23210578,0.15831429,3.8406372,6.445072723428799,6.278317246441978,1.6475871,5.194431,0,1,3,PCA(n_components=24),24,1.4471025040439405,-0.16697204113006592,4.992148728384176,0.4215,0.010908712114635724,0.3455,0.018466185312619385,0.508,0.2023264688566476,1.0530681610107422,0.2809063494205475,45.0,0.5350872874259949,38.0,46.0,5
L1_B0_H0,8,11,16,0.2619472,0.2013677,0.13953988,6.6417484,8.343342554823156,9.002039966580675,2.2151086,9.162404,1,0,0,PCA(n_components=24),24,1.2671384970661346,-0.12307506054639816,5.167314680448733,0.4425,0.02423839928708165,0.354,0.017363755354185335,0.5515,0.18353541892506742,0.574634313583374,0.29446128010749817,26.0,0.30167776346206665,35.0,20.0,6
L1_B0_H1,9,11,16,0.32968202,0.14797468,0.13938673,5.937825,7.698777534030932,8.916869135477834,2.1729028,8.783745,1,0,1,PCA(n_components=24),24,1.320195609310068,-0.10813773423433304,4.5648102760574,0.45499999999999996,0.01151086443322133,0.371,0.014543039572249,0.567,0.1910130885567793,0.8788467049598694,0.27103960514068604,10.0,0.5444209575653076,46.0,26.0,1
L1_B0_H2,9,11,15,0.24941522,0.16337152,0.11762488,7.571306,8.155114371594694,9.268414761926811,2.290438,9.879263,1,0,2,PCA(n_components=24),24,1.2523145701340683,-0.10680366307497025,4.910242956483973,0.4565,0.015459624833740308,0.36550000000000005,0.01691153452528778,0.5485,0.18883921732521558,0.5833238959312439,0.24696607887744904,10.0,0.5451892614364624,8.0,26.0,1
L1_B0_H3,8,10,15,0.23772626,0.21733691,0.12081162,6.829811,7.367451362568661,8.377090652296513,2.2035513,9.057121,1,0,3,PCA(n_components=24),24,1.3214856247243592,-0.10058891028165817,4.126667629992752,0.48650000000000004,0.006633249580710806,0.3885,0.011575836902790215,0.59,0.1859435398178705,0.7806973457336426,0.35836952924728394,35.0,0.5589374303817749,10.0,40.0,1
L1_B0_H4,9,11,15,0.32355288,0.16040991,0.11228958,6.0866613,7.01168307184696,8.614885303688101,2.1905293,8.939944,1,0,4,PCA(n_components=24),24,1.2916033384801298,-0.10232316702604294,4.488156639940588,0.48450000000000004,0.012389511693363862,0.3975,0.017175564037317664,0.5870000000000001,0.18528626500634093,0.6526718139648438,0.33315086364746094,26.0,0.5604992508888245,10.0,35.0,6
L1_B0_H5,9,11,15,0.20425513,0.17754035,0.11186214,8.308975,8.016806480079554,9.215660426928341,2.3380818,10.361342,1,0,5,PCA(n_components=24),24,1.2534914367645076,-0.10393492132425308,4.783045838713614,0.43999999999999995,0.01140175425099139,0.3645,0.02277059507347141,0.5515000000000001,0.18877301184226522,0.630591630935669,0.258183091878891,35.0,0.6170080304145813,10.0,31.0,6
L1_B0_H6,6,8,14,0.4153729,0.2464888,0.09591711,3.9736848,7.506013796275487,7.859878847998438,1.7998807,6.048926,1,0,6,PCA(n_components=24),24,1.4326643385690128,-0.12785370647907257,4.380740157180512,0.516,0.024627220712049525,0.4035,0.016628289148315878,0.617,0.16548715962273325,1.2698135375976562,0.39495447278022766,26.0,0.6420329213142395,41.0,20.0,8
L1_B0_H7,7,10,15,0.2741531,0.24776001,0.16260363,5.5952706,8.749629649645446,8.659434084041893,2.0528805,7.790309,1,0,7,PCA(n_components=24),24,1.374199950504587,-0.10196632146835327,4.4757305160030105,0.4145,0.017776388834631167,0.318,0.009669539802906866,0.5365,0.1822230775725182,0.9639618992805481,0.30481359362602234,35.0,0.8149908781051636,26.0,41.0,4
L1_B1_H0,10,13,18,0.23251213,0.16666752,0.14716132,7.627522,6.81128550849385,8.60209916917363,2.3392694,10.373654,1,1,0,PCA(n_components=24),24,1.397237799596035,-0.04657901078462601,3.484488820820864,0.6040000000000001,0.02909467305195229,0.48249999999999993,0.01483239697419132,0.7020000000000001,0.16346559270990332,0.8673191666603088,0.1848059594631195,40.0,0.38826802372932434,46.0,10.0,5
L1_B1_H1,10,14,20,0.20913123,0.16316937,0.14475863,8.277518,8.085881379964224,9.504168413748745,2.4178581,11.221798,1,1,1,PCA(n_components=24),24,1.3101446207643772,-0.05967935919761658,3.682281580870673,0.6239999999999999,0.02653299832284318,0.476,0.012103718436910198,0.7265,0.15711540344600208,0.6937177777290344,0.33797454833984375,10.0,0.47900858521461487,22.0,40.0,7
L1_B1_H2,10,13,19,0.21076944,0.16016454,0.121727645,8.560264,7.746999426196129,9.318531661105146,2.4322672,11.384665,1,1,2,PCA(n_components=24),24,1.2887100802882503,-0.055100418627262115,3.624674295228822,0.609,0.026248809496813356,0.471,0.014370107863199902,0.7175,0.13372079120316333,0.7063725590705872,0.2513033449649811,9.0,0.380941778421402,40.0,15.0,1
L1_B1_H3,11,14,19,0.19579054,0.14830133,0.12592183,9.284962,7.826476574589429,9.258322183299668,2.4948611,12.120049,1,1,3,PCA(n_components=24),24,1.3433180566832443,-0.04538265988230705,3.2337083316353348,0.618,0.013729530217745981,0.4774999999999999,0.012349089035228453,0.721,0.14468586662144994,0.7857511639595032,0.3672586977481842,22.0,0.4057696461677551,35.0,10.0,6
L1_B1_H4,12,15,20,0.18382086,0.14590041,0.109538876,10.16013,8.15428680061111,9.725127945280343,2.578943,13.183196,1,1,4,PCA(n_components=24),24,1.2868525681275804,-0.04245377704501152,3.539662068835867,0.621,0.024677925358506114,0.484,0.012509996003196796,0.7225,0.12331362455138524,0.6221762895584106,0.3375207483768463,22.0,0.38526487350463867,15.0,10.0,8
L1_B1_H5,10,13,19,0.20094226,0.18987109,0.1491289,8.234387,7.889810750724521,9.495415991441709,2.4193268,11.238291,1,1,5,PCA(n_components=24),24,1.2904690343031793,-0.06534439325332642,3.7589193020393714,0.594,0.025816661286851162,0.45600000000000007,0.0233238075793812,0.6955000000000001,0.1587994017620973,0.6590561270713806,0.27171555161476135,10.0,0.37071341276168823,26.0,40.0,4
L1_B1_H6,9,12,18,0.25076643,0.17145424,0.1348627,7.2553124,6.56460541299707,8.126881186273966,2.300711,9.981276,1,1,6,PCA(n_components=24),24,1.417211303228354,-0.06056814640760422,3.4663919986228326,0.637,0.026758176320519293,0.484,0.012806248474865693,0.7445,0.1478419764478276,0.9827683568000793,0.36244484782218933,22.0,0.7374948263168335,9.0,10.0,8
L1_B1_H7,11,13,18,0.2444058,0.1472664,0.118035294,8.307542,6.9442945498389035,9.063777348474,2.437302,11.442128,1,1,7,PCA(n_components=24),24,1.341544816453893,-0.052387535572052,3.6040816992607314,0.6195,0.018668154702594468,0.48450000000000004,0.013820274961085248,0.7250000000000001,0.15190457530963314,0.8603678345680237,0.427608460187912,22.0,0.7339230179786682,10.0,15.0,6
L2_B0_H0,11,14,19,0.17389263,0.15166245,0.12858312,10.003824,7.59330589684797,9.799494240910436,2.5532298,12.848536,2,0,0,PCA(n_components=24),24,1.243071424655026,-0.07209878414869308,3.911589028516049,0.5900000000000001,0.023611437906235204,0.46699999999999997,0.01839836949297409,0.7244999999999999,0.157360255464968,0.5346382856369019,0.20159389078617096,2.0,0.6130366921424866,22.0,15.0,5
L2_B0_H1,12,15,21,0.17100227,0.14568508,0.12400398,10.347565,7.35127066831163,9.446121189580198,2.5951724,13.398897,2,0,1,PCA(n_components=24),24,1.3655251665657204,-0.020235473290085793,3.131627948870748,0.6795,0.021988633427296022,0.5439999999999999,0.017507141400011597,0.7789999999999999,0.12790230646864817,0.9673097729682922,0.2655686140060425,40.0,0.8607842326164246,22.0,10.0,6
L2_B0_H10,12,15,21,0.17354262,0.13870282,0.1267301,10.581578,6.973777580046657,9.78468958835737,2.6222558,13.766743,2,0,1,PCA(n_components=24),24,1.3285037596532816,-0.03586570918560028,3.3352067547724302,0.6475,0.03350373113550191,0.5165,0.017860571099491768,0.764,0.14655715608594488,0.7527459859848022,0.328330934047699,35.0,0.7255496382713318,22.0,2.0,1
L2_B0_H11,12,15,20,0.16249494,0.1282873,0.10594521,11.319863,7.004155805280216,9.135375298790278,2.6534512,14.2029705,2,0,1,PCA(n_components=24),24,1.3893042581319253,0.0015712728491052985,2.9425195254809324,0.7260000000000001,0.016552945357246857,0.5800000000000001,0.004743416490252597,0.8204999999999998,0.11321329427236007,0.9360601902008057,0.30276358127593994,10.0,0.9013873338699341,22.0,40.0,3
L2_B0_H12,12,15,20,0.17023267,0.1433992,0.11375788,10.513784,6.9869852512887585,9.682835648023579,2.600264,13.467294,2,0,1,PCA(n_components=24),24,1.286420616984096,-0.04395841807126999,3.4736331350049157,0.633,0.014781745499094485,0.5015,0.010793516572461439,0.7390000000000001,0.14354093492798492,0.6400755047798157,0.35034090280532837,46.0,0.6241098642349243,36.0,22.0,1
L2_B0_H13,12,15,20,0.19024882,0.15334718,0.11816933,9.85107,7.113005203405794,9.056020274462051,2.5691648,13.054916,2,0,1,PCA(n_components=24),24,1.3483365313652382,-0.03124574013054371,3.1554970127700797,0.6725000000000001,0.02715695122800051,0.5255000000000001,0.012389511693363869,0.7764999999999997,0.1274176204455255,0.8060336709022522,0.27606597542762756,2.0,0.715425968170166,40.0,35.0,5
L2_B0_H14,11,14,20,0.18632454,0.16632569,0.12166787,9.20652,7.303234817289981,8.768821424543836,2.4913182,12.077185,2,0,1,PCA(n_components=24),24,1.3729748958283445,-0.016180625185370445,3.0768002955539906,0.6905,0.013638181696985831,0.543,0.01812456896039186,0.7895,0.13445166417713095,0.9053235650062561,0.2532947361469269,40.0,1.2044165134429932,15.0,10.0,3
L2_B0_H15,11,14,19,0.18606791,0.14948207,0.13106969,9.47789,7.777018768777859,9.122558513184071,2.5145795,12.36141,2,0,1,PCA(n_components=24),24,1.3759491142831208,-0.02600179985165596,3.21881114592793,0.6699999999999999,0.0162788205960997,0.5235000000000001,0.009027735042633881,0.782,0.12165936051122413,0.977973222732544,0.2766442596912384,10.0,0.8659337759017944,40.0,9.0,6
L2_B0_H2,12,15,20,0.1682849,0.1585845,0.10750552,10.447608,7.841501044302285,9.979172890930133,2.6090302,13.58587,2,0,2,PCA(n_components=24),24,1.318939217336623,-0.027695180848240852,3.199760685463909,0.643,0.019710403344427016,0.5025000000000001,0.015329709716755907,0.7555,0.1385,0.7236493825912476,0.30378758907318115,2.0,0.7720910310745239,22.0,10.0,1
L2_B0_H3,14,17,22,0.17853168,0.123725645,0.10356306,11.424609,9.012851245396499,11.123588827361,2.7051864,14.957104,2,0,3,PCA(n_components=24),24,1.2487319824531533,-0.05116765573620796,3.4475097183742722,0.6165,0.023216373532487795,0.4795,0.021118712081942877,0.7245,0.14650000000000002,0.5476475954055786,0.36614328622817993,40.0,0.48683595657348633,10.0,27.0,1
L2_B0_H4,12,15,20,0.21460949,0.13717909,0.10713653,9.672872,6.525596185383108,9.257551397194234,2.5774808,13.163933,2,0,4,PCA(n_components=24),24,1.3372129413118434,-0.02870287373661995,3.166546522853604,0.6914999999999999,0.029436372059070074,0.534,0.016015617378046985,0.7925,0.12280574090815136,0.7144905924797058,0.3056395649909973,22.0,0.6306160688400269,10.0,15.0,1
L2_B0_H5,8,10,15,0.23387046,0.18858723,0.13124262,7.2780075,5.9343306835997955,7.950475847274,2.2436247,9.427442,2,0,5,PCA(n_components=24),24,1.4038363658467488,-0.042377278208732605,3.357726928957586,0.6130000000000001,0.02767670500619612,0.522,0.024361855430159684,0.7165,0.1658018395555369,1.0616165399551392,0.3079235255718231,46.0,1.9006351232528687,38.0,36.0,4
L2_B0_H6,11,14,19,0.17962337,0.17099074,0.105388746,9.685405,6.692108082476713,8.968011276320418,2.5381262,12.655933,2,0,6,PCA(n_components=24),24,1.383846294565002,-0.016556376591324806,3.078551699718879,0.689,0.011247221879201968,0.5625,0.015491933384829683,0.8025000000000001,0.1090011467829582,1.0666289329528809,0.3780363202095032,46.0,0.8571484684944153,38.0,36.0,8
L2_B0_H7,12,15,20,0.26452544,0.12580907,0.12019837,8.13055,8.100575359988254,10.506837521866,2.4871194,12.026582,2,0,7,PCA(n_components=24),24,1.2642846639149146,-0.06012120842933655,3.8268663460581798,0.597,0.03284052374734603,0.48949999999999994,0.01469693845669906,0.713,0.14450259513240585,0.6264691352844238,0.42558959126472473,15.0,0.40677303075790405,10.0,24.0,6
L2_B0_H8,14,17,22,0.14449763,0.13809796,0.10687236,12.328862,10.734543810105608,12.052716286174709,2.751259,15.66234,2,0,8,PCA(n_components=24),24,1.2486474940707994,-0.04489278420805931,3.4036707199673533,0.5694999999999999,0.023685438564654007,0.45999999999999996,0.016507574019219172,0.6925,0.1439835059998193,0.5579311847686768,0.4397851228713989,27.0,0.5154315233230591,22.0,10.0,3
L2_B0_H9,13,15,20,0.16877776,0.14752975,0.12084229,10.623218,6.952446116570495,9.66970737139482,2.6255996,13.812855,2,0,9,PCA(n_components=24),24,1.331971141063291,-0.02531956508755684,3.2322863981371217,0.6409999999999999,0.022282279955157205,0.503,0.013910427743243553,0.758,0.12282507887235407,0.8206769824028015,0.2695678174495697,10.0,1.0090210437774658,15.0,40.0,3
L2_B1_H0,13,16,21,0.18724734,0.1274014,0.10711922,10.725798,8.826747032172808,10.803559454995531,2.652871,14.194731,2,1,0,PCA(n_components=24),24,1.3119945886291868,-0.023336701095104218,3.2137620500467414,0.6555,0.01238951169336386,0.554,0.022282279955157195,0.758,0.12663332894621385,0.8143234848976135,0.42107832431793213,40.0,0.6672636866569519,27.0,15.0,1
L2_B1_H1,15,18,22,0.16043717,0.104846776,0.09257522,13.195901,9.11797945868102,11.857488533916204,2.817391,16.733135,2,1,1,PCA(n_components=24),24,1.2584349133559714,-0.030422044917941093,3.2410636870775322,0.6295,0.01749285568453588,0.557,0.01819340539866026,0.7454999999999999,0.15113652768275443,0.5794758796691895,0.3243066072463989,10.0,0.4754895567893982,15.0,27.0,1
L2_B1_H10,15,18,22,0.14186965,0.124178,0.10080888,13.1416445,7.31881511914326,11.125683641754764,2.8064764,16.551493,2,1,1,PCA(n_components=24),24,1.249209611954476,-0.0277236420661211,3.4474573073214985,0.58,0.027431733448690387,0.487,0.02187464285422736,0.706,0.153668474320532,0.5497433543205261,0.2539425492286682,27.0,0.724418044090271,15.0,46.0,6
L2_B1_H11,12,15,20,0.1851961,0.14109887,0.11593571,10.342394,6.76923051329408,9.134192655008373,2.6076121,13.566617,2,1,1,PCA(n_components=24),24,1.39062873815673,0.010066664777696133,2.9612644303784723,0.7415,0.022394195676558686,0.6065,0.012308533625091203,0.8455000000000001,0.10255364449886703,0.9956448674201965,0.2833561599254608,22.0,0.9418522119522095,15.0,10.0,3
L2_B1_H12,13,16,21,0.2872519,0.12474737,0.10204261,7.826453,7.609341435174378,10.51765112153248,2.5145025,12.360457,2,1,1,PCA(n_components=24),24,1.2721874618942515,-0.059979792684316635,3.606722497200244,0.645,0.014404860290887923,0.5335000000000001,0.01827566688249709,0.7615000000000001,0.14893035284991438,0.5501380562782288,0.38229307532310486,26.0,0.6681930422782898,20.0,12.0,4
L2_B1_H13,12,16,21,0.24321127,0.13223282,0.124109894,8.496785,8.961864741964673,10.506081240430728,2.513855,12.352456,2,1,1,PCA(n_components=24),24,1.3213029909608682,-0.04465772584080696,3.4597407419970647,0.6285,0.017219175357722556,0.505,0.018165902124584965,0.7269999999999999,0.1359080571562996,0.7606902718544006,0.2955590486526489,40.0,0.5737887024879456,46.0,10.0,8
L2_B1_H14,8,11,17,0.25310826,0.17390509,0.16205601,6.7519917,6.160835059912703,8.038476397571145,2.2133088,9.145929,2,1,1,PCA(n_components=24),24,1.475039171006208,-0.026796819642186165,3.262243599747821,0.7150000000000001,0.01955760721560793,0.592,0.028783675929248517,0.8,0.12737739202856996,1.1179410219192505,0.33879366517066956,46.0,1.212464690208435,38.0,9.0,6
L2_B1_H15,12,15,19,0.21216062,0.15694857,0.10855292,9.293837,7.070180577280917,9.162978320793238,2.5421824,12.707374,2,1,1,PCA(n_components=24),24,1.3877254883305083,-0.009456997737288475,3.0709115582761215,0.6785,0.021189620100417063,0.5385,0.01743559577416271,0.7900000000000001,0.1372953021774598,0.9474257826805115,0.36020901799201965,22.0,0.8938484191894531,28.0,2.0,3
L2_B1_H2,16,19,22,0.1372284,0.1112543,0.09043991,14.4086895,9.442241703291973,12.676083924625777,2.87076,17.650427,2,1,2,PCA(n_components=24),24,1.2063516291511824,-0.05367570370435715,3.6937936436919694,0.5645,0.022660538387249317,0.484,0.01570031846810756,0.689,0.1580474612260507,0.44093331694602966,0.2688882052898407,15.0,0.5098862648010254,22.0,10.0,2
L2_B1_H3,14,17,22,0.1737611,0.11338303,0.10625312,11.8621,8.351443374415737,11.28963259190525,2.7311826,15.351029,2,1,3,PCA(n_components=24),24,1.236980571465861,-0.04950416833162308,3.584329109352061,0.588,0.037662979170532976,0.4955,0.0242590189414164,0.7075,0.16395502432069595,0.5138838887214661,0.41825371980667114,22.0,0.5866761207580566,15.0,27.0,7
L2_B1_H4,12,14,19,0.31947482,0.119007304,0.095074914,6.8694706,8.258007002021165,10.909538890820393,2.4010656,11.034929,2,1,4,PCA(n_components=24),24,1.2170196243001514,-0.074576735496521,3.891435023922741,0.605,0.020796634343085433,0.5285,0.016777961735562542,0.7175,0.1255239021063319,0.46318042278289795,0.32833799719810486,41.0,0.4962864816188812,26.0,20.0,8
L2_B1_H5,14,17,21,0.17095882,0.1374693,0.10511122,11.472695,9.635567491081583,11.840097524934059,2.7137542,15.085804,2,1,5,PCA(n_components=24),24,1.2196582979625232,-0.044671740382909775,3.8629497255470766,0.53,0.03213253802611927,0.4455,0.010885770528538629,0.6655,0.17747464607655936,0.5137750506401062,0.2779092490673065,11.0,0.5435448288917542,27.0,10.0,8
L2_B1_H6,13,16,22,0.19951062,0.16697167,0.09844627,9.87049,7.898097207206257,10.43444270772733,2.6191096,13.723499,2,1,6,PCA(n_components=24),24,1.269978551867329,-0.0419609360396862,3.670900831612037,0.623,0.026381811916545823,0.495,0.015811388300841896,0.7460000000000001,0.14776332427229702,0.6169963479042053,0.2310519963502884,22.0,0.4483867287635803,10.0,3.0,2
L2_B1_H7,14,17,22,0.23101543,0.123391636,0.09411205,9.77475,7.780126358892376,10.350478148276672,2.646006,14.097622,2,1,7,PCA(n_components=24),24,1.3125510815833772,-0.03085411712527275,3.2530436754265435,0.6859999999999999,0.03341406889320725,0.581,0.02077257807784101,0.795,0.11683321445547924,0.6907727122306824,0.3204001188278198,26.0,0.8754509091377258,40.0,22.0,7
L2_B1_H8,16,19,22,0.11106097,0.091031045,0.087527186,15.951997,9.876351287416355,12.78066628385154,2.9212155,18.563839,2,1,8,PCA(n_components=24),24,1.1868309229467264,-0.044968970119953156,3.7244015896976213,0.5734999999999999,0.0066332495807108205,0.46799999999999997,0.012186057606953925,0.6934999999999999,0.17086617570484802,0.3940475285053253,0.27561792731285095,40.0,0.5701719522476196,15.0,22.0,1
L2_B1_H9,14,17,22,0.20956804,0.12951171,0.08786506,10.735497,7.383193775657406,10.862349757717869,2.699504,14.872352,2,1,9,PCA(n_components=24),24,1.2656320373181977,-0.03671187907457352,3.4360202203611117,0.6415,0.02101190138945069,0.5165,0.018343936327844142,0.755,0.13228756555322954,0.6001351475715637,0.23390686511993408,26.0,0.5302694439888,40.0,15.0,4
L2_B2_H0,17,20,23,0.11271582,0.107947275,0.08956957,15.580398,7.9425294500381165,11.648733124604387,2.9220538,18.579407,2,2,0,PCA(n_components=24),24,1.2298978398842866,-0.02214566431939602,3.515828322131786,0.647,0.016837458240482737,0.5595000000000001,0.014949916387726052,0.748,0.15156186855538564,0.5075171589851379,0.2649679183959961,22.0,1.2340694665908813,49.0,31.0,6
L2_B2_H1,15,18,22,0.15801767,0.10710086,0.0947943,13.259627,8.675964452263894,11.125612057025464,2.8199084,16.775314,2,2,1,PCA(n_components=24),24,1.2913961369629614,0.005330933257937431,2.998030217941758,0.6980000000000001,0.025465663156493703,0.6100000000000001,0.024443813123160654,0.8055000000000001,0.11404933143162217,0.6798309087753296,0.2683306932449341,22.0,0.9680503606796265,10.0,27.0,8
L2_B2_H10,16,19,23,0.17705473,0.099152125,0.08539218,13.13077,9.493797593223203,12.086553977054518,2.8396387,17.109583,2,2,1,PCA(n_components=24),24,1.2419013469584734,-0.011079225689172745,3.357399089226704,0.6345,0.03284052374734606,0.534,0.02672077843177478,0.7445,0.14467981891058615,0.6111913919448853,0.2940678596496582,38.0,0.8579946756362915,10.0,15.0,6
L2_B2_H11,14,17,22,0.17355934,0.12057196,0.11006018,11.764611,9.016824097480804,11.351879279523233,2.7337217,15.390058,2,2,1,PCA(n_components=24),24,1.2239934251900724,-0.03803262487053871,3.6390049214012277,0.5984999999999999,0.020591260281973982,0.496,0.02900861940872057,0.727,0.14263940549511553,0.5058689117431641,0.2740478515625,15.0,0.7384904623031616,33.0,10.0,3
L2_B2_H12,16,19,23,0.17442325,0.115766756,0.091136366,12.720297,8.736454648861807,11.36844119278667,2.8162525,16.714096,2,2,1,PCA(n_components=24),24,1.269200995730501,-0.029618287459015846,3.1865704808970783,0.6615,0.02244994432064362,0.5525,0.02706473720544872,0.7669999999999999,0.11931470990619723,0.6045853495597839,0.3527441918849945,22.0,0.8804162740707397,27.0,2.0,1
L2_B2_H13,17,19,23,0.12513298,0.11524872,0.09293721,14.677536,8.475865807945853,11.938432824202529,2.8887615,17.97104,2,2,1,PCA(n_components=24),24,1.2420921157863867,-0.04242340475320816,3.5135857251498486,0.592,0.028653097563788796,0.48500000000000004,0.02307596151842866,0.7070000000000001,0.15075145107095983,0.5298592448234558,0.3428409695625305,22.0,0.9855524301528931,27.0,11.0,4
L2_B2_H14,17,20,23,0.13295457,0.10446478,0.09081742,14.89111,7.846770998365039,10.58594627105126,2.901454,18.20059,2,2,1,PCA(n_components=24),24,1.3413705815035617,0.03554093837738037,2.6663956274233818,0.767,0.01873499399519519,0.6755,0.021412613105363843,0.8554999999999999,0.11792900406600573,0.7941063642501831,0.3241632282733917,10.0,1.224443793296814,40.0,27.0,5
L2_B2_H15,17,20,23,0.13500395,0.09749931,0.08324917,15.5374565,7.9399478042463185,11.999961433841024,2.9319932,18.764997,2,2,1,PCA(n_components=24),24,1.2611099439447018,-0.002133767120540142,3.128080526620636,0.6535,0.018069310999592636,0.5549999999999999,0.020186629238186333,0.7689999999999999,0.13043772460450234,0.5900942087173462,0.3327212929725647,35.0,1.076690673828125,22.0,10.0,3
L2_B2_H2,16,19,23,0.13429585,0.1215503,0.0862621,14.277909,9.290015261364713,11.314227601284227,2.8683658,17.60822,2,2,2,PCA(n_components=24),24,1.3075908863285106,0.008596256375312805,2.9360063227206927,0.708,0.020760539492026713,0.5900000000000001,0.022858258901324924,0.812,0.11469960767151735,0.7166903018951416,0.24843952059745789,27.0,0.9384093284606934,10.0,1.0,1
L2_B2_H3,17,20,23,0.17075332,0.11087455,0.086309694,13.206137,7.687911372168413,11.814703483954439,2.8485146,17.262121,2,2,3,PCA(n_components=24),24,1.221104637193144,-0.03241261467337608,3.6886639359649975,0.5985,0.03261901286060017,0.48650000000000004,0.02432077301403064,0.7219999999999999,0.15464798737778646,0.46728751063346863,0.23924750089645386,2.0,0.7642643451690674,22.0,40.0,6
L2_B2_H4,16,19,22,0.11944187,0.10249988,0.079263374,15.694095,9.862809076717244,11.954178906166213,2.9162297,18.471514,2,2,4,PCA(n_components=24),24,1.282481030324314,0.009407838806509972,3.004448511759872,0.692,0.02496998197836753,0.6035,0.0166282891483159,0.7959999999999999,0.12158947322856531,0.6528902649879456,0.38672417402267456,27.0,1.2256813049316406,22.0,10.0,3
L2_B2_H5,11,14,19,0.19321045,0.16587175,0.111848116,9.300422,8.271146928933854,9.689822039842818,2.5067787,12.265356,2,2,5,PCA(n_components=24),24,1.3109323211235662,-0.022597357630729675,3.3183535273295406,0.6795,0.029765752132274417,0.584,0.01933907960581372,0.7755,0.14093349495418042,0.6946116089820862,0.3227179944515228,22.0,0.9333239793777466,15.0,46.0,7
L2_B2_H6,13,16,21,0.2337077,0.15016092,0.11500149,8.96251,8.769203873892485,10.911286732484614,2.5685215,13.04652,2,2,6,PCA(n_components=24),24,1.2554247441453448,-0.040620025247335434,3.644434767104927,0.5875000000000001,0.031662280397975126,0.48999999999999994,0.01843908891458575,0.711,0.14072668545801825,0.5973066091537476,0.2624521851539612,22.0,0.8509971499443054,36.0,26.0,4
L2_B2_H7,14,17,21,0.1441062,0.115096524,0.10850705,12.762487,9.371697747004637,11.240552344120504,2.7652724,15.883368,2,2,7,PCA(n_components=24),24,1.2947446249471006,-0.0011983461445197463,3.1785021936204823,0.6395,0.030553232234904387,0.529,0.015215124054702963,0.746,0.1533264491208219,0.6760086417198181,0.29943758249282837,22.0,0.9849746823310852,46.0,38.0,4
L2_B2_H8,14,17,21,0.18838248,0.13380569,0.08923569,11.291393,8.489131849271434,10.96841729438074,2.7096615,15.024188,2,2,8,PCA(n_components=24),24,1.283583067913851,-0.022617023438215256,3.1946074291317292,0.677,0.01866815470259447,0.5685,0.0071763500472036374,0.7749999999999999,0.14378803844548407,0.6532402634620667,0.398273766040802,40.0,0.902352511882782,22.0,15.0,6
L2_B2_H9,16,19,23,0.17177945,0.10856959,0.08338587,13.144594,8.436557269595609,11.840325936047211,2.8404326,17.12317,2,2,9,PCA(n_components=24),24,1.2291341699639564,-0.03788625821471214,3.5504568632686873,0.6144999999999999,0.03047129797038517,0.5315000000000001,0.01888120758849923,0.7240000000000002,0.1266846478465327,0.50518399477005,0.27757543325424194,27.0,0.8178208470344543,10.0,15.0,1
L2_B3_H0,11,14,20,0.2557011,0.18163486,0.098514356,7.6834407,9.29757971322618,10.622775075674245,2.4113176,11.148641,2,3,0,PCA(n_components=24),24,1.2400758947640294,-0.06069629639387131,3.6154202278945458,0.6695,0.013171939872319495,0.5904999999999999,0.013638181696985873,0.763,0.1480067566025281,0.5239312648773193,0.2875511348247528,26.0,0.5623975992202759,15.0,22.0,3
L2_B3_H1,17,19,23,0.11889087,0.10525034,0.10054712,15.317854,10.403264860935252,12.932024651909128,2.9146352,18.442083,2,3,1,PCA(n_components=24),24,1.2079489075860832,-0.03817303851246834,3.501377692476375,0.6005,0.03465544690232692,0.54,0.017818529681205467,0.7185000000000001,0.1561097370441703,0.4505441188812256,0.30611154437065125,9.0,0.701164960861206,22.0,38.0,3
L2_B3_H10,17,20,23,0.11316673,0.09905093,0.091884956,15.935337,8.919650737354088,12.26926490499269,2.9380755,18.879478,2,3,1,PCA(n_components=24),24,1.2527254285228402,-0.01106014009565115,3.145743100823909,0.65,0.023075961518428664,0.5505000000000001,0.02288012237729509,0.7729999999999998,0.1335889216963742,0.5693052411079407,0.26549792289733887,22.0,0.8200942873954773,31.0,2.0,7
L2_B3_H11,18,20,23,0.11887353,0.09031581,0.076191366,16.58423,10.089333103399808,12.984941151835866,2.9667761,19.429182,2,3,1,PCA(n_components=24),24,1.1934241050387837,-0.023327743634581566,3.495702275473026,0.577,0.034438350715445105,0.5045,0.020396078054371148,0.6955,0.1621488513681179,0.41820070147514343,0.2995047867298126,22.0,0.6594902873039246,27.0,11.0,6
L2_B3_H12,17,19,23,0.10084423,0.09561624,0.09135493,16.049433,10.821327816503032,12.417243174123008,2.9292831,18.71421,2,3,1,PCA(n_components=24),24,1.2390180500770442,-0.009245345368981361,3.145003558707553,0.647,0.025903667693977218,0.5385,0.018614510468986274,0.77,0.14352700094407325,0.534946858882904,0.3510352373123169,22.0,0.8770781755447388,27.0,10.0,5
L2_B3_H13,17,20,23,0.12749551,0.09948621,0.08902098,15.838399,9.971521445838611,12.932408752800278,2.9472709,19.053883,2,3,1,PCA(n_components=24),24,1.2008866099490463,-0.02276615984737873,3.6198400831015562,0.575,0.022192341021172124,0.4755,0.019583156027566117,0.6850000000000002,0.17909494688572317,0.45000553131103516,0.22840099036693573,11.0,0.7453254461288452,22.0,27.0,8
L2_B3_H14,17,20,23,0.105655976,0.09503011,0.08680391,16.660748,9.37547788815496,12.124086744773269,2.9658208,19.41063,2,3,1,PCA(n_components=24),24,1.2455595662136965,-0.006361919455230236,3.155341546762138,0.658,0.02088061301782112,0.5975,0.008944271909999166,0.7829999999999999,0.11351651862174068,0.5422425866127014,0.2561340928077698,15.0,0.6896616816520691,22.0,10.0,6
L2_B3_H15,17,20,23,0.115028195,0.09424577,0.091338366,16.096262,10.467758753573369,12.913727759474655,2.9420223,18.95414,2,3,1,PCA(n_components=24),24,1.2302755604929103,-0.014314957894384861,3.2555127633516237,0.623,0.027083205127901685,0.535,0.030041637771599603,0.735,0.14035668847618202,0.5077067613601685,0.3047916293144226,46.0,0.713788628578186,22.0,10.0,1
L2_B3_H2,15,18,23,0.1756214,0.11350188,0.099645495,12.355869,8.44062403440169,11.76202116001284,2.7879367,16.247461,2,3,2,PCA(n_components=24),24,1.2161599040578759,-0.026905499398708344,3.5351721212629235,0.6214999999999999,0.03281005943304584,0.53,0.023452078799117156,0.7439999999999999,0.15037951988219672,0.45836004614830017,0.22496703267097473,38.0,0.5128123164176941,10.0,18.0,1
L2_B3_H3,15,18,22,0.15901026,0.114984185,0.09870657,12.934725,9.493744036909693,11.333196155963806,2.798352,16.417568,2,3,3,PCA(n_components=24),24,1.292204344001706,-0.0029681557789444923,2.9957894259966826,0.6975,0.04012480529547775,0.5855,0.02051828452868317,0.7915000000000001,0.1330986476264879,0.6898699998855591,0.3322565257549286,27.0,0.7883853912353516,22.0,2.0,1
L2_B3_H4,17,20,23,0.15836617,0.10319749,0.08263653,14.509724,10.105417123700057,13.050733353346969,2.9074345,18.309765,2,3,4,PCA(n_components=24),24,1.1788648726522426,-0.05135006830096245,3.726635911395731,0.533,0.021988633427296032,0.4734999999999999,0.01157583690279021,0.6579999999999999,0.16593974810153234,0.3785877227783203,0.2530224919319153,10.0,0.7114930152893066,15.0,22.0,7
L2_B3_H5,17,20,23,0.11598406,0.10310825,0.09092703,16.227776,9.203917680266914,12.400082111130752,2.9572306,19.2446,2,3,5,PCA(n_components=24),24,1.2400672100637045,-0.010946370661258698,3.2231663798651624,0.6214999999999999,0.03512833614050058,0.5465000000000001,0.03363777638310833,0.748,0.13321411336641473,0.5368067026138306,0.2828178107738495,15.0,0.7028471231460571,22.0,10.0,1
L2_B3_H6,11,14,20,0.19992754,0.1514686,0.12120655,9.43502,8.056153322915044,9.648800009316073,2.5291402,12.542719,2,3,6,PCA(n_components=24),24,1.3595337832855519,0.0048862649127841,2.8686091888674157,0.7314999999999999,0.02337733945512191,0.646,0.01260952021291849,0.8315,0.09203396112305501,0.8891987204551697,0.211549773812294,26.0,0.8177301287651062,22.0,38.0,2
L2_B3_H7,16,19,23,0.16424364,0.11046118,0.09796427,12.887765,8.820654600552183,11.611435386312358,2.8181481,16.74581,2,3,7,PCA(n_components=24),24,1.2420757709307888,-0.02024068497121334,3.2154439239137953,0.663,0.0198368344248774,0.5875,0.017464249196572974,0.7805000000000001,0.12632200916704894,0.5376549363136292,0.27012914419174194,22.0,0.6653366088867188,2.0,28.0,1
L2_B3_H8,16,19,23,0.120358445,0.11090264,0.10105274,14.442111,8.243177466806749,11.764558144149927,2.8637676,17.527441,2,3,8,PCA(n_components=24),24,1.1892895417938976,-0.04834384098649025,3.7719084143910497,0.519,0.02113054660911546,0.4445,0.026804850307360423,0.657,0.1692660627532879,0.40718698501586914,0.2973617613315582,22.0,1.2434332370758057,10.0,9.0,1
L2_B3_H9,16,19,23,0.1382519,0.106421225,0.08929175,14.6713085,10.67782916630745,12.284127057943493,2.8876493,17.951063,2,3,9,PCA(n_components=24),24,1.2407151465511677,-0.0162176713347435,3.331058559556108,0.6365000000000001,0.019339079605813693,0.5479999999999999,0.021760055146988925,0.75,0.150996688705415,0.5324929356575012,0.33978307247161865,27.0,0.8568736910820007,10.0,22.0,6
L2_B4_H0,18,20,23,0.102247946,0.09660805,0.08813837,16.825989,10.513168027077937,11.889218918282914,2.9723208,19.53721,2,4,0,PCA(n_components=24),24,1.3233245762738526,0.0254383385181427,2.7038551213145907,0.7335,0.014456832294800976,0.6260000000000001,0.013285330255586416,0.8355000000000001,0.12176719591088561,0.7787618637084961,0.34846505522727966,26.0,1.255838394165039,10.0,2.0,3
L2_B4_H1,17,19,23,0.107782744,0.096774034,0.086105116,16.16477,10.628050285434034,12.380360666126908,2.9342976,18.808287,2,4,1,PCA(n_components=24),24,1.2776305385693052,0.001351667451672256,2.9677599068505685,0.6920000000000001,0.01661324772583616,0.5894999999999999,0.0183983694929741,0.8029999999999999,0.13753544997563355,0.6368243098258972,0.3253770172595978,46.0,1.1272802352905273,9.0,11.0,7
L2_B4_H10,15,18,22,0.16822138,0.10679714,0.0908301,12.828881,9.413776602325344,11.240584985876172,2.802229,16.481342,2,4,1,PCA(n_components=24),24,1.295015600358923,-0.0018221931532025337,3.01206766839517,0.7115,0.01601561737804697,0.634,0.017073371078963867,0.816,0.10802314566795396,0.7032560110092163,0.19204199314117432,22.0,0.8681777715682983,40.0,37.0,2
L2_B4_H11,17,20,23,0.11947196,0.1082342,0.07816975,15.810216,9.687941705809342,11.848813020229048,2.9343085,18.808493,2,4,1,PCA(n_components=24),24,1.328245290493206,0.032369159162044525,2.7728217518948934,0.7505,0.022045407685048573,0.6599999999999999,0.021035683967962637,0.8355,0.1229928859731326,0.8255975246429443,0.5311866998672485,9.0,1.6103874444961548,38.0,2.0,3
L2_B4_H12,16,19,23,0.14964281,0.11722076,0.07966845,13.944766,10.42992298112304,12.838644831472113,2.8666844,17.578638,2,4,1,PCA(n_components=24),24,1.2018331627170409,-0.04816979914903641,3.7685945419992355,0.569,0.011247221879201966,0.48600000000000004,0.025129663746258125,0.6965,0.18234651079743752,0.46035757660865784,0.20517297089099884,10.0,0.9316695332527161,20.0,11.0,1
L2_B4_H13,17,20,23,0.10640856,0.10396378,0.08807905,16.213232,9.077409794368345,11.455405065090247,2.9462261,19.033987,2,4,1,PCA(n_components=24),24,1.3342183547989925,0.03446017578244209,2.651254594862847,0.7464999999999999,0.03043846251044885,0.6515000000000001,0.023377339455121923,0.8465000000000003,0.10943148541439068,0.784619152545929,0.27206093072891235,22.0,1.0188701152801514,2.0,9.0,7
L2_B4_H14,17,20,23,0.13830185,0.10138762,0.092318796,15.004378,7.947303790738184,10.166790655669004,2.9136689,18.42427,2,4,1,PCA(n_components=24),24,1.406571436589978,0.04891016334295273,2.5809254348766415,0.7950000000000002,0.02000000000000002,0.7045,0.018867962264113216,0.8809999999999999,0.09131812525451888,1.0355926752090454,0.3187697231769562,9.0,1.3018159866333008,22.0,35.0,5
L2_B4_H15,18,21,23,0.111325994,0.096146524,0.093327,16.784153,9.37271102107104,12.934175626600965,2.9811573,19.710615,2,4,1,PCA(n_components=24),24,1.2612091432496457,0.006771153304725885,2.939135742074076,0.6815,0.016324827717314506,0.5974999999999999,0.017748239349298856,0.7895,0.1080613251815838,0.617271363735199,0.28362953662872314,22.0,1.131164312362671,35.0,26.0,8
L2_B4_H2,18,21,23,0.11702237,0.08902289,0.08144985,17.03611,11.158983104732163,12.766276303919083,2.9891553,19.86889,2,4,2,PCA(n_components=24),24,1.2645202706586287,0.009181322529911995,2.9099393154582343,0.7055,0.03685783498796423,0.632,0.04078602701906624,0.809,0.13709121051329293,0.5981932878494263,0.2988489270210266,31.0,1.1229264736175537,9.0,24.0,6
L2_B4_H3,15,18,22,0.17972651,0.12150967,0.09054673,12.069391,8.956238426533137,10.901441053766742,2.7678018,15.923592,2,4,3,PCA(n_components=24),24,1.4037018021997374,0.028768012300133705,2.5987317533731287,0.7615000000000001,0.0148828760661372,0.654,0.008154753215150036,0.8469999999999999,0.09651942809610922,1.0336530208587646,0.4190824329853058,22.0,1.4095402956008911,35.0,9.0,1
L2_B4_H4,16,19,23,0.14549883,0.115120284,0.106718466,13.346093,10.5006747826775,12.090287649563356,2.8261156,16.879765,2,4,4,PCA(n_components=24),24,1.24660198526665,-0.013843804597854614,3.2661279112473136,0.6184999999999999,0.011999999999999959,0.5075000000000001,0.015165750888103117,0.7375000000000002,0.14064583179035203,0.5633915662765503,0.41275471448898315,7.0,1.3305871486663818,48.0,9.0,5
L2_B4_H5,17,20,23,0.13508287,0.10925676,0.08890962,14.718029,11.015238550912512,12.740468996259981,2.895884,18.099495,2,4,5,PCA(n_components=24),24,1.2553404457180757,-0.008586437441408634,3.327037418285322,0.5925,0.010124228365658313,0.51,0.008366600265340762,0.7105,0.16718926400938547,0.6120443940162659,0.3889755308628082,27.0,1.2566591501235962,43.0,2.0,3
L2_B4_H6,17,20,23,0.10562218,0.097799405,0.091653995,16.192753,9.958023995405906,13.047345547594894,2.9457846,19.025585,2,4,6,PCA(n_components=24),24,1.2069227865480754,-0.046641744673252106,3.569225829201482,0.587,0.027495454169735065,0.493,0.0132664991614216,0.7155,0.15491045800719846,0.4457891881465912,0.3005973696708679,46.0,1.113581895828247,49.0,22.0,6
L2_B4_H7,17,20,23,0.14459404,0.122040845,0.07770005,14.729282,10.120801962200304,13.07460736756703,2.9172628,18.490604,2,4,7,PCA(n_components=24),24,1.1441605834375457,-0.062280379235744476,4.187999736665328,0.471,0.015378556499229689,0.41500000000000004,0.020310096011589895,0.605,0.1705872210923198,0.3016560971736908,0.17637985944747925,36.0,1.002313494682312,22.0,10.0,3
L2_B4_H8,17,20,23,0.12464924,0.10710815,0.08913071,15.468662,9.338797432334445,12.09620917481343,2.9262824,18.658138,2,4,8,PCA(n_components=24),24,1.2933829552178073,0.009052576497197151,2.921737257903849,0.7245,0.025169425897306464,0.6395,0.017204650534085233,0.8220000000000001,0.13680643259730152,0.6770318746566772,0.3862229287624359,10.0,1.1328318119049072,2.0,25.0,1
L2_B4_H9,17,19,23,0.18162204,0.10253328,0.07978796,13.124608,8.370569264611827,10.80503162472024,2.8520956,17.324047,2,4,9,PCA(n_components=24),24,1.3099837834081067,0.016944093629717827,2.8021308876851894,0.7494999999999999,0.02227105745132006,0.6245,0.023420076857260722,0.8434999999999999,0.11777202554087281,0.6984854340553284,0.2660655975341797,10.0,0.8769944310188293,27.0,22.0,3
L2_B5_H0,18,20,23,0.12147679,0.09392287,0.07432709,16.651285,11.306956809419248,13.800214300464246,2.9711514,19.514376,2,5,0,PCA(n_components=24),24,1.1798278360973797,-0.02513071522116661,3.6739582868141873,0.5595,0.01698528775146302,0.461,0.02188606862823929,0.6759999999999999,0.16680527569594433,0.3974961042404175,0.2817642390727997,22.0,0.8639334440231323,27.0,10.0,4
L2_B5_H1,17,20,23,0.109689854,0.09908357,0.08403123,16.45488,9.7409667128116,12.638608757581371,2.9603608,19.304935,2,5,1,PCA(n_components=24),24,1.2422768219717708,-0.004709569271653891,3.264955666574792,0.6455,0.02039607805437116,0.5735000000000001,0.021365860619221487,0.7549999999999999,0.14309088021254185,0.5310065746307373,0.2643330991268158,15.0,0.9367824792861938,46.0,6.0,1
L2_B5_H10,15,18,22,0.1878185,0.09663419,0.09225363,12.2926855,9.765982579940543,11.603435469425339,2.785751,16.21199,2,5,1,PCA(n_components=24),24,1.277509490217334,-0.017639482393860817,3.129304179123606,0.7144999999999999,0.030016662039607275,0.6255,0.022934689882359444,0.8014999999999999,0.1431266921297352,0.609626829624176,0.2621292769908905,9.0,0.8291366696357727,31.0,12.0,6
L2_B5_H11,17,20,23,0.12050181,0.106558464,0.0856049,15.432467,10.41930730567915,11.269603648625223,2.9192648,18.52766,2,5,1,PCA(n_components=24),24,1.3941426563645554,0.04915669187903404,2.632551226804897,0.7585,0.0116833214455479,0.645,0.01650757401921917,0.8404999999999998,0.14114620079902965,0.9801064729690552,0.27861452102661133,30.0,0.9235765337944031,17.0,5.0,3
L2_B5_H12,17,20,23,0.1456709,0.104018316,0.092210025,14.431093,10.5944349649055,13.06647174661973,2.8893275,17.981213,2,5,1,PCA(n_components=24),24,1.2175643697622425,-0.04082109406590462,3.532588176098666,0.583,0.035756118357562254,0.507,0.03183551475946322,0.6914999999999999,0.15030053226785328,0.5106213092803955,0.5846221446990967,15.0,1.4633861780166626,46.0,25.0,6
L2_B5_H13,16,19,23,0.12876306,0.103293985,0.092857674,14.891969,9.763494313444385,12.084196152868026,2.8901925,17.996775,2,5,1,PCA(n_components=24),24,1.2529717427457419,-0.024227840825915337,3.3733335090718013,0.648,0.015604486534327257,0.5395,0.015524174696259996,0.7555,0.1461411988455001,0.568574070930481,0.2992604672908783,36.0,0.9358882904052734,22.0,15.0,4
L2_B5_H14,17,20,23,0.12901896,0.11393335,0.08683903,15.161984,10.645387825014488,12.858080666364149,2.918293,18.509666,2,5,1,PCA(n_components=24),24,1.1800470582187224,-0.041593749076128006,3.694419657178094,0.518,0.013638181696985864,0.43550000000000005,0.015842979517754874,0.6339999999999999,0.1754821928287882,0.39531418681144714,0.27177566289901733,22.0,0.8909451365470886,36.0,28.0,7
L2_B5_H15,16,19,23,0.1377622,0.10403614,0.086313516,14.714358,10.991593932340393,12.33824051576174,2.887212,17.943214,2,5,1,PCA(n_components=24),24,1.272552542845769,-0.011764111928641796,3.1954636611376284,0.6365000000000001,0.025573423705088853,0.5,0.019429359227725446,0.7410000000000002,0.16414627622946554,0.6397282481193542,0.24153198301792145,36.0,0.7966039776802063,22.0,35.0,7
L2_B5_H2,16,18,22,0.13953213,0.10293089,0.09586123,14.341579,11.220264048655617,12.663703937833574,2.862992,17.51385,2,5,2,PCA(n_components=24),24,1.2584176919171253,-0.009245548397302628,3.197207443607916,0.657,0.021118712081942905,0.5519999999999999,0.01630950643030006,0.7625,0.14064583179035203,0.6119252443313599,0.3503588140010834,43.0,0.8635479211807251,38.0,22.0,3
L2_B5_H3,13,16,21,0.21324863,0.122934796,0.106584765,10.019491,8.902071612342024,10.436804427153524,2.6150513,13.667916,2,5,3,PCA(n_components=24),24,1.3391570020198498,0.008960611186921597,3.091235217000701,0.7344999999999999,0.023097618924902193,0.6585,0.02222611077089285,0.8300000000000002,0.12579745625409125,0.8413345217704773,0.2895870506763458,26.0,0.7467997670173645,2.0,37.0,3
L2_B5_H4,14,16,21,0.16933575,0.13328095,0.1161233,11.370742,8.937612054691089,9.925424078738354,2.6946473,14.800298,2,5,4,PCA(n_components=24),24,1.3916121760381104,0.0259883813560009,2.750715074604348,0.79,0.009354143466934844,0.7074999999999999,0.0077459666924148485,0.8795000000000001,0.10316128149649943,0.9442864060401917,0.2337878793478012,6.0,0.9536508321762085,30.0,29.0,4
L2_B5_H5,16,19,23,0.14700377,0.12512417,0.11078563,13.036751,8.521763239590165,9.880768717036705,2.8177872,16.739767,2,5,5,PCA(n_components=24),24,1.4262288443609819,0.05076175555586815,2.465877478468926,0.8029999999999999,0.020273134932713304,0.7060000000000001,0.018275666882497082,0.8935,0.07710544727838625,1.0042959451675415,0.3067718744277954,9.0,1.0445082187652588,6.0,16.0,5
L2_B5_H6,17,19,23,0.13179728,0.09882661,0.09001918,15.005805,10.329760131927689,11.323142526589324,2.901068,18.193565,2,5,6,PCA(n_components=24),24,1.369066224736585,0.032062310725450516,2.4806807803517077,0.7845,0.01886796226411322,0.708,0.019773719933285205,0.8695,0.10957759807551905,0.8757641911506653,0.44236040115356445,10.0,1.2184878587722778,11.0,15.0,1
L2_B5_H7,17,20,23,0.13244806,0.118243925,0.09693708,14.323616,7.858493774740862,9.390617030489288,2.8805184,17.823511,2,5,7,PCA(n_components=24),24,1.5084678824055602,0.08389471471309662,2.2900036602331455,0.8324999999999999,0.016278820596099707,0.7169999999999999,0.011113055385446444,0.9015000000000001,0.08506027274821072,1.3492670059204102,0.3455375134944916,9.0,1.374866247177124,22.0,35.0,4
L2_B5_H8,17,20,23,0.11422635,0.09156269,0.08184658,16.450119,9.27746129944543,11.694520524427096,2.9572058,19.244123,2,5,8,PCA(n_components=24),24,1.3092140707345623,0.0283795278519392,2.7130319275508366,0.733,0.022438805672316882,0.6279999999999999,0.019390719429665283,0.8244999999999999,0.1433082342365574,0.7477938532829285,0.45882463455200195,9.0,1.1921919584274292,18.0,15.0,2
L2_B5_H9,16,19,23,0.14245476,0.111110926,0.08348721,14.367977,10.426796372216588,12.05769232539665,2.8797507,17.809834,2,5,9,PCA(n_components=24),24,1.2992759166908554,0.008810648694634438,2.984171559749027,0.6765000000000001,0.022616365755797275,0.5825000000000001,0.02230470802319547,0.782,0.14344336861632886,0.7155821919441223,0.3016105890274048,18.0,0.8042546510696411,39.0,12.0,1
L3_B0_H0,18,20,23,0.13034503,0.090273,0.08337987,15.938947,10.179894213582958,10.923727209128867,2.9515371,19.135344,3,0,0,PCA(n_components=24),24,1.4369484552070133,0.0780205950140953,2.46395180853598,0.8039999999999999,0.027367864366808034,0.6765000000000001,0.01847971861257633,0.8785,0.12942275688610563,1.1133525371551514,0.4060361683368683,12.0,1.6699953079223633,41.0,3.0,3
L3_B0_H1,18,21,24,0.100144096,0.0974384,0.07969061,17.361,8.406481761537655,9.191755972700621,2.996522,20.0158,3,0,1,PCA(n_components=24),24,1.544112370218435,0.12131156772375107,2.037645616101933,0.8655000000000002,0.01638596960817393,0.7445,0.014352700094407325,0.9315000000000001,0.06667270805959512,1.3739064931869507,0.37500089406967163,16.0,1.887189507484436,2.0,35.0,2
L3_B0_H10,18,21,24,0.10074196,0.08712383,0.08461671,17.559284,9.954952883546984,11.787213344191871,3.0015717,20.11713,3,0,1,PCA(n_components=24),24,1.3104192804434696,0.04023104906082153,2.7155883458975296,0.7404999999999999,0.024259018941416396,0.6439999999999999,0.026391286440793308,0.8345,0.1383735885203531,0.7292428612709045,0.28242939710617065,5.0,1.1531141996383667,27.0,40.0,2
L3_B0_H11,18,21,24,0.10292464,0.08792595,0.07639846,17.872896,8.742221271909663,9.697831557478356,3.0153518,20.396265,3,0,1,PCA(n_components=24),24,1.4697548481852782,0.0963071957230568,2.0613013543612926,0.867,0.010653637876331248,0.7725,0.014230249470757728,0.9330000000000002,0.06660330322138686,1.1503537893295288,0.32041192054748535,42.0,1.442530870437622,28.0,10.0,8
L3_B0_H12,17,20,23,0.16485795,0.11305476,0.09616209,13.574709,9.490065953647267,11.3299381096034,2.8725007,17.681177,3,0,1,PCA(n_components=24),24,1.2599629595221231,0.008249923586845398,2.8700663947313547,0.7495,0.01354621718414407,0.687,0.011554220008291318,0.8619999999999999,0.08919641248391103,0.5395183563232422,0.28067290782928467,26.0,1.146901249885559,2.0,20.0,4
L3_B0_H13,17,20,23,0.11332249,0.10039293,0.09077593,15.712015,9.706685432189607,11.142944282127159,2.9314945,18.75564,3,0,1,PCA(n_components=24),24,1.4596124781968687,0.06150629743933678,2.613661914252773,0.7455,0.014611639196202435,0.6239999999999999,0.01847971861257634,0.8319999999999999,0.15000333329629714,1.2582409381866455,0.5023436546325684,26.0,1.8949493169784546,27.0,30.0,8
L3_B0_H14,17,20,23,0.124126576,0.10141871,0.081820644,16.193325,8.353085029673815,8.484830643454629,2.956737,19.235107,3,0,1,PCA(n_components=24),24,1.5778408091852316,0.14729958772659302,1.9295600089417544,0.8985,0.014370107863199942,0.8185,0.012609520212918465,0.9475000000000001,0.07619875327064085,1.4861620664596558,0.2974050045013428,9.0,1.51920747756958,20.0,8.0,6
L3_B0_H15,18,21,24,0.122388706,0.09007753,0.08794878,16.569407,8.746604159242318,10.057087873129326,2.9769845,19.628538,3,0,1,PCA(n_components=24),24,1.4490753914389425,0.07736273109912872,2.3628170707383687,0.8309999999999998,0.012509996003196805,0.727,0.013076696830622016,0.8995000000000001,0.08965071109589705,1.1023966073989868,0.41970375180244446,43.0,1.7708553075790405,14.0,46.0,4
L3_B0_H16,18,21,24,0.10194968,0.08725124,0.076988615,17.779991,9.698765209343254,11.678018034723136,3.0114002,20.315826,3,0,1,PCA(n_components=24),24,1.3254873797446012,0.04601557180285454,2.8337190066781237,0.7375,0.018641351882307228,0.5925,0.010954451150103331,0.8334999999999999,0.13707753280534343,0.7745589017868042,0.34386172890663147,4.0,1.2513349056243896,20.0,40.0,7
L3_B0_H17,16,19,23,0.1712044,0.1525195,0.08450523,11.91204,11.224551233496188,12.260254233633848,2.7842722,16.188032,3,0,1,PCA(n_components=24),24,1.1818935626540341,-0.04023540019989014,3.907418207126538,0.5589999999999999,0.01347219358530745,0.48949999999999994,0.01668831926827861,0.6829999999999998,0.17395689121158722,0.39347559213638306,0.1709514558315277,44.0,1.221409559249878,28.0,10.0,6
L3_B0_H18,17,20,23,0.09860201,0.09421531,0.089516446,16.79624,7.801684954057593,8.218231436033223,2.9675388,19.444008,3,0,1,PCA(n_components=24),24,1.6616561831276557,0.15992064774036407,1.8056239517114177,0.9019999999999999,0.010295630140987024,0.8045,0.01989974874213238,0.9445,0.06600946901770986,1.8191330432891846,0.30380240082740784,37.0,1.5790122747421265,17.0,34.0,2
L3_B0_H19,18,21,24,0.09443576,0.08832262,0.08020964,17.838087,9.329639735840246,12.171185067817383,3.0116425,20.32075,3,0,1,PCA(n_components=24),24,1.2677206570277506,0.018848583102226257,2.82243120033797,0.7040000000000001,0.020712315177208,0.626,0.010074720839804933,0.7970000000000002,0.1359816164045714,0.6047654747962952,0.3402421176433563,22.0,1.216858148574829,0.0,46.0,5
L3_B0_H2,18,21,24,0.13993457,0.09271545,0.07385227,15.879379,8.661041881761221,10.756592257004373,2.958692,19.272747,3,0,2,PCA(n_components=24),24,1.40962505025689,0.06273895502090454,2.4985180900933255,0.8025,0.01870828693386971,0.6875,0.016807736313971595,0.8764999999999997,0.12858946302088675,1.0450098514556885,0.3753889203071594,32.0,1.4236392974853516,37.0,12.0,6
L3_B0_H20,15,18,22,0.2117775,0.088732794,0.07917048,11.471304,8.351850819186126,10.570293571805385,2.7582648,15.7724495,3,0,2,PCA(n_components=24),24,1.3120027847542246,0.020470472052693367,2.76937575036401,0.776,0.01007472083980496,0.6975,0.02055480479109447,0.8539999999999999,0.1051617801294748,0.7002537250518799,0.2871735095977783,2.0,0.7786048054695129,26.0,10.0,6
L3_B0_H21,18,20,23,0.15533562,0.089377,0.08165892,15.029721,10.930208203175708,13.305536148503007,2.9313757,18.753412,3,0,2,PCA(n_components=24),24,1.1879608448755459,-0.03234998881816864,3.6583168224796667,0.6025,0.020310096011589878,0.5165,0.01102270384252432,0.7140000000000001,0.16394816253926117,0.39246106147766113,0.22604456543922424,11.0,1.237163782119751,46.0,3.0,2
L3_B0_H22,17,20,23,0.16517061,0.08492765,0.077209234,14.59648,9.093152620222872,11.17963225392915,2.9179747,18.503775,3,0,2,PCA(n_components=24),24,1.2906620423837873,0.0062434314750134945,2.8791082013687235,0.751,0.009300537618869127,0.648,0.018801595676963177,0.8435000000000001,0.09471140374843992,0.6489874124526978,0.2565501928329468,9.0,1.0265592336654663,26.0,37.0,3
L3_B0_H23,17,20,23,0.12767307,0.1076291,0.09932497,15.1765585,9.02235054117698,10.577294092364347,2.9214716,18.568594,3,0,2,PCA(n_components=24),24,1.370744811766247,0.046656783670186996,2.576485961763536,0.7875,0.008215838362577506,0.7045,0.019962464777677127,0.888,0.07877816956492452,0.8967748284339905,0.3595205545425415,9.0,1.400282859802246,8.0,45.0,6
L3_B0_H24,18,20,23,0.12049676,0.090810746,0.08154508,16.300343,10.088037200241226,12.551784760378416,2.958826,19.27533,3,0,2,PCA(n_components=24),24,1.203625799820372,-0.015384437516331673,3.5595803735901286,0.568,0.012589678312014154,0.48249999999999993,0.024392621835300925,0.6934999999999999,0.15089814445512575,0.48697131872177124,0.3987348973751068,15.0,1.4736967086791992,11.0,26.0,2
L3_B0_H25,16,18,23,0.17750236,0.11867522,0.1001287,12.306339,8.394556048021322,8.510625154447775,2.7921438,16.31596,3,0,2,PCA(n_components=24),24,1.6680379401719814,0.13689562678337097,2.038840883622451,0.8865000000000001,0.009565563234854467,0.7745,0.010416333327999835,0.9335000000000001,0.06884947349108779,1.9442452192306519,0.4824998676776886,31.0,2.06245493888855,35.0,20.0,6
L3_B0_H26,17,20,23,0.10754428,0.094796635,0.088803,16.42498,8.952883148680229,9.346756221019113,2.954741,19.196749,3,0,2,PCA(n_components=24),24,1.5326927738476628,0.09612929821014404,2.0623827984402623,0.8550000000000001,0.005700877125495695,0.7445,0.011768602295939803,0.91,0.08276472678623424,1.333754301071167,0.36789992451667786,23.0,1.8185405731201172,26.0,9.0,2
L3_B0_H27,18,21,24,0.11120309,0.09111909,0.08149354,16.983646,9.752853799474288,12.01456802238143,2.9852178,19.790812,3,0,2,PCA(n_components=24),24,1.3125963436988903,0.018276633694767952,3.0868851075588997,0.6645,0.01552417469626004,0.5389999999999999,0.017073371078963853,0.7675,0.19224008426964445,0.7625553011894226,0.34209612011909485,14.0,1.5252400636672974,24.0,26.0,1
L3_B0_H28,18,21,24,0.11490899,0.10314691,0.08501827,16.395983,7.689785618104669,9.62062040247579,2.9700685,19.493254,3,0,2,PCA(n_components=24),24,1.4382794421032832,0.09614379703998566,2.2153691127804724,0.859,0.008888194417315589,0.7809999999999999,0.007176350047203648,0.929,0.07042016756583301,1.0748910903930664,0.33382830023765564,27.0,1.2785077095031738,2.0,25.0,5
L3_B0_H29,19,21,24,0.10844974,0.089728646,0.075643264,17.686176,9.236583301211576,12.204676007087372,3.0130153,20.348665,3,0,2,PCA(n_components=24),24,1.2864035235696492,0.01743255741894245,2.886844984983867,0.7245,0.027676705006196095,0.5995,0.028783675929248506,0.8160000000000001,0.14497930886854166,0.6938396096229553,0.5664263963699341,10.0,1.782606840133667,26.0,15.0,1
L3_B0_H3,18,21,24,0.11356603,0.09170857,0.07814996,17.254545,8.72649809776445,10.356542548493072,2.997187,20.029116,3,0,3,PCA(n_components=24),24,1.4473184536119843,0.09136007726192474,2.227708874483464,0.8290000000000001,0.02581666128685116,0.7275,0.020976176963403034,0.9035,0.10124351831105041,1.1543217897415161,0.4678143262863159,43.0,1.9187523126602173,1.0,23.0,4
L3_B0_H30,16,19,23,0.12138005,0.11200771,0.09552311,14.562428,7.897093524502086,7.332899662507925,2.8731117,17.691986,3,0,3,PCA(n_components=24),24,1.8452507257199686,0.20847748219966888,1.643857335889621,0.9324999999999999,0.010954451150103333,0.8610000000000001,0.005830951894845289,0.97,0.04795831523312719,2.5113351345062256,0.3439633846282959,37.0,1.744140625,16.0,18.0,4
L3_B0_H31,17,20,23,0.120474525,0.10354053,0.088626884,15.586981,8.446451629730085,9.276886282145822,2.9282174,18.694275,3,0,3,PCA(n_components=24),24,1.5401940934107765,0.10532303154468536,2.088399235460961,0.8594999999999999,0.006964194138592056,0.7275000000000001,0.011401754250991391,0.925,0.06928203230275509,1.4182074069976807,0.3443652093410492,30.0,1.4784318208694458,4.0,10.0,1
L3_B0_H4,17,20,23,0.121740565,0.099580005,0.092879705,15.537318,8.378580095113838,9.391200877819765,2.9241335,18.618088,3,0,4,PCA(n_components=24),24,1.440198322730743,0.09489390254020691,2.2712780821498417,0.8460000000000001,0.009823441352194269,0.7725,0.016583123951777027,0.9135000000000001,0.09396940991620624,1.0551130771636963,0.298132985830307,15.0,1.2406946420669556,20.0,2.0,5
L3_B0_H5,13,16,21,0.18726063,0.14314556,0.0956007,10.795345,8.01467220560528,8.940420419976805,2.6668606,14.394707,3,0,5,PCA(n_components=24),24,1.472568718167764,0.07899799942970276,2.328379293183109,0.8535,0.016852299546352693,0.774,0.022505554869853794,0.9144999999999999,0.10417413306574717,1.1693036556243896,0.3959159255027771,39.0,1.0485435724258423,45.0,43.0,1
L3_B0_H6,18,21,24,0.12362622,0.083573066,0.08064381,16.856699,8.246103416835798,9.701032976611303,2.986745,19.821062,3,0,6,PCA(n_components=24),24,1.4815787861979341,0.10407061874866486,2.1530855313959707,0.8620000000000001,0.007314369419163905,0.7415,0.011022703842524292,0.9275,0.10347101043287439,1.1884371042251587,0.4082331657409668,25.0,1.5601173639297485,40.0,37.0,6
L3_B0_H7,18,21,24,0.12856413,0.08920295,0.08103867,16.27115,9.440481960947794,12.547081324507888,2.966313,19.420185,3,0,7,PCA(n_components=24),24,1.2710426134885613,0.01188473030924797,2.941058151305246,0.7125,0.030207614933986427,0.6075,0.013416407864998738,0.8105,0.13257922159976654,0.647128701210022,0.4307859241962433,17.0,1.4802634716033936,26.0,10.0,4
L3_B0_H8,17,20,23,0.10216061,0.09543977,0.0801275,16.932913,8.770465294613807,8.92662170604541,2.9717,19.525084,3,0,8,PCA(n_components=24),24,1.5821424217527809,0.13684238493442535,2.0155546819447734,0.8789999999999999,0.009823441352194257,0.7765,0.01280624847486571,0.9420000000000001,0.07769169839822013,1.5237842798233032,0.4366246163845062,18.0,2.1952297687530518,44.0,45.0,3
L3_B0_H9,16,19,23,0.1217229,0.11328503,0.10202459,14.773957,8.618273644452415,8.608823706095752,2.8896146,17.986376,3,0,9,PCA(n_components=24),24,1.5942092061816364,0.1450188308954239,1.8748747867350997,0.9185000000000001,0.01290348790056395,0.8445,0.006782329983125274,0.963,0.04561797891182817,1.5894520282745361,0.3697698712348938,27.0,1.545438528060913,10.0,18.0,3
L3_B1_H0,16,19,23,0.14172545,0.10718128,0.09883184,13.935612,9.814300567079194,11.608707742253104,2.858282,17.431555,3,1,0,PCA(n_components=24),24,1.2862940805680114,0.020877350121736526,2.9855084897593893,0.6944999999999999,0.025219040425836958,0.625,0.018165902124584965,0.8140000000000001,0.12461540835707276,0.7010787129402161,0.536125659942627,9.0,1.9798113107681274,42.0,15.0,1
L3_B1_H1,15,18,23,0.16394852,0.1341079,0.10701047,11.922636,8.385950191989398,8.358300523736535,2.7528915,15.687929,3,1,1,PCA(n_components=24),24,1.6603515516177658,0.13601180911064148,2.027079620553966,0.8854999999999998,0.006403124237432834,0.788,0.008276472678623427,0.9349999999999998,0.065,1.703920602798462,0.42306438088417053,48.0,2.170684337615967,14.0,38.0,8
L3_B1_H10,17,20,23,0.12095465,0.09678071,0.08190702,16.173527,9.535179393115262,10.60063701198202,2.9527493,19.158554,3,1,1,PCA(n_components=24),24,1.3466081218914538,0.05992003530263901,2.633218821367557,0.8009999999999999,0.024423349483639615,0.705,0.027248853186877423,0.8909999999999999,0.10697663296253065,0.8035205006599426,0.22145114839076996,35.0,1.1267744302749634,21.0,2.0,8
L3_B1_H11,15,18,22,0.12674727,0.10892861,0.10093523,13.889143,8.50557147788766,10.017734631511564,2.8300703,16.946651,3,1,1,PCA(n_components=24),24,1.4935368074681443,0.06867243349552155,2.3879466938625438,0.8245000000000001,0.011979148550710932,0.692,0.019455076458343695,0.894,0.09267685795278129,1.3061087131500244,0.5576352477073669,22.0,2.5102429389953613,0.0,45.0,4
L3_B1_H12,17,20,23,0.16733198,0.09166554,0.08016687,13.760933,9.189755553622874,10.645502483756156,2.8704228,17.644478,3,1,1,PCA(n_components=24),24,1.3798273918848916,0.0610896535217762,2.8347884835300663,0.7785,0.020037464909513886,0.6610000000000001,0.029521178838251012,0.8624999999999998,0.12106300012803252,0.9075184464454651,0.35012370347976685,13.0,1.5669403076171875,21.0,5.0,2
L3_B1_H13,16,19,23,0.13895416,0.12144492,0.107677534,13.63789,8.87251875031935,9.790245934745176,2.8451424,17.204006,3,1,1,PCA(n_components=24),24,1.5333776543486333,0.08798420429229736,2.3245067893604165,0.7955,0.016232683080747927,0.6515,0.01721917535772256,0.8784999999999998,0.11456548345815157,1.5591926574707031,0.6264023780822754,17.0,3.1359517574310303,32.0,29.0,6
L3_B1_H14,17,20,23,0.13560693,0.11093666,0.076664105,15.17859,8.964982895906473,10.014913656223266,2.9222488,18.58303,3,1,1,PCA(n_components=24),24,1.4588280424130837,0.08205088973045349,2.3847425442401438,0.825,0.014916433890176287,0.7255,0.012688577540449542,0.9,0.10428326807307105,1.17625093460083,0.5560578107833862,20.0,2.379951000213623,19.0,26.0,6
L3_B1_H15,15,18,22,0.16025007,0.11218321,0.1003976,12.770934,8.492741386245099,7.657833993216654,2.7882547,16.252628,3,1,1,PCA(n_components=24),24,1.6650929648564432,0.16156625747680664,2.0698765072871765,0.8799999999999999,0.01774823934929884,0.784,0.024114311103575,0.9339999999999999,0.08257723657279893,1.695972204208374,0.38769087195396423,13.0,2.075523853302002,39.0,25.0,3
L3_B1_H16,16,19,23,0.14005326,0.119739324,0.0924739,14.074972,8.88201553211291,7.709955027875307,2.8688831,17.617332,3,1,1,PCA(n_components=24),24,1.764771794437835,0.18846270442008972,1.7819416907564958,0.9145,0.008276472678623454,0.8559999999999999,0.00982344135219428,0.9575,0.0735272058492637,2.2357332706451416,0.5350885391235352,42.0,2.7270243167877197,12.0,41.0,3
L3_B1_H17,15,18,22,0.1729392,0.11892137,0.09651836,12.190742,9.512743247166503,10.399139273747922,2.7651057,15.880719,3,1,1,PCA(n_components=24),24,1.4267167496326476,0.05919661745429039,2.799620984270202,0.7775000000000001,0.01923538406167136,0.6609999999999999,0.011467344941179703,0.862,0.12331261087171903,1.3910701274871826,0.5040371417999268,29.0,2.5076818466186523,7.0,25.0,5
L3_B1_H18,15,18,22,0.13409247,0.11141103,0.09979915,13.817143,8.536354358205262,8.849813777674532,2.8306155,16.955894,3,1,1,PCA(n_components=24),24,1.5215714019456041,0.1062396988272667,2.1422434323543253,0.8644999999999999,0.0171318416990118,0.7795000000000001,0.01519868415357068,0.9215000000000001,0.08573359901462202,1.236063838005066,0.4039134681224823,22.0,1.713958740234375,4.0,40.0,2
L3_B1_H19,16,19,23,0.1608697,0.12718743,0.0960524,12.965135,8.353756437487647,8.612648294045004,2.8256521,16.871944,3,1,1,PCA(n_components=24),24,1.6996782564114683,0.15133117139339447,2.053357783813913,0.865,0.02403122968139583,0.7745,0.008860022573334691,0.919,0.09281163720137685,2.1082186698913574,0.6015917062759399,44.0,3.1568188667297363,2.0,13.0,5
L3_B1_H2,16,19,23,0.13968956,0.12709728,0.11817005,12.98336,10.050080289970255,11.549168885521304,2.8123183,16.64847,3,1,2,PCA(n_components=24),24,1.2684402598557798,0.013195423409342766,3.280408047809528,0.7025,0.010839741694339404,0.624,0.026343879744638966,0.82,0.12796483892069727,0.6303572058677673,0.38495299220085144,30.0,1.990323781967163,6.0,37.0,4
L3_B1_H20,15,19,23,0.14584991,0.106587075,0.09183887,13.701585,8.396862861578258,7.8022247826206055,2.83603,17.04795,3,1,2,PCA(n_components=24),24,1.8915536205623846,0.2134140282869339,1.7870349982201186,0.9,0.012144957801491116,0.8025,0.018774983355518596,0.9415,0.08405504149068038,2.7691650390625,0.568317174911499,41.0,3.089632272720337,12.0,37.0,4
L3_B1_H21,16,20,23,0.18249385,0.1353319,0.09277844,11.8724785,9.210322284963977,10.506124042109832,2.7882743,16.252949,3,1,2,PCA(n_components=24),24,1.4920390804099315,0.07451508939266205,2.480321877951757,0.7899999999999999,0.02031009601158988,0.6725000000000001,0.023926972228010795,0.861,0.1207435298473587,1.3825159072875977,0.5514938235282898,31.0,2.3600945472717285,33.0,21.0,4
L3_B1_H22,16,19,23,0.18086253,0.1191563,0.08507748,12.382505,10.582481815625089,12.110550544405625,2.8006217,16.454874,3,1,2,PCA(n_components=24),24,1.2087788130789838,-0.010801908560097218,3.459184918908951,0.6529999999999999,0.019131126469708996,0.575,0.010368220676663853,0.775,0.1382931668593933,0.47127047181129456,0.17428548634052277,37.0,1.5920143127441406,36.0,8.0,6
L3_B1_H23,16,19,23,0.17015688,0.10623311,0.08998238,13.09258,9.891804097773498,11.736462545494891,2.8355107,17.0391,3,1,2,PCA(n_components=24),24,1.2220333005097286,0.0016251024790108204,3.3588235919519134,0.6990000000000001,0.013656500283747661,0.6140000000000001,0.01356465996625054,0.8085,0.11657722762186447,0.509414792060852,0.2173454314470291,37.0,1.7437633275985718,41.0,6.0,8
L3_B1_H24,16,19,23,0.16438137,0.10279082,0.08747019,13.637845,8.675457021149786,8.647635006331713,2.8599548,17.460737,3,1,2,PCA(n_components=24),24,1.4900015077292712,0.12016497552394867,2.1751867398780758,0.8805,0.01345362404707372,0.7845000000000001,0.01713184169901181,0.9345,0.08122345720295338,1.111530065536499,0.2509293556213379,41.0,1.4196417331695557,11.0,12.0,6
L3_B1_H25,16,19,23,0.14394121,0.13231382,0.08554732,13.460014,8.081271955602354,7.187408419875245,2.8386717,17.093046,3,1,2,PCA(n_components=24),24,1.8678044076197193,0.23337429761886597,1.6664002756843406,0.9175000000000001,0.0038729833462074204,0.8390000000000001,0.004062019202317962,0.955,0.06557438524302,2.392796277999878,0.43497899174690247,11.0,2.350397825241089,8.0,10.0,2
L3_B1_H26,17,20,23,0.123862684,0.11777336,0.08674555,14.995848,9.953387071990072,12.251378764273774,2.9075444,18.311777,3,1,2,PCA(n_components=24),24,1.2312846174900849,0.012066442519426346,3.250170463904124,0.6845000000000001,0.010885770528538615,0.6175,0.027064737205448712,0.8095,0.13123357040026,0.526613712310791,0.17554746568202972,14.0,1.1657978296279907,46.0,15.0,4
L3_B1_H27,17,20,23,0.11763243,0.09696186,0.08831799,15.993504,8.65498681009378,9.492818377656532,2.943148,18.975485,3,1,2,PCA(n_components=24),24,1.4917881221699747,0.11065703630447388,2.296847085228456,0.8344999999999999,0.021760055146988946,0.7380000000000001,0.004847679857416331,0.9094999999999999,0.09616262267638086,1.2636451721191406,0.5347915291786194,10.0,2.195045232772827,4.0,8.0,1
L3_B1_H28,16,19,23,0.16919886,0.11679452,0.10906292,12.51507,8.18762067381759,8.337160893482611,2.8009176,16.459743,3,1,2,PCA(n_components=24),24,1.7202525682898282,0.15801499783992767,1.9171632835745185,0.889,0.013656500283747675,0.8244999999999999,0.019646882704388517,0.9355000000000001,0.06443795465407014,2.0466573238372803,0.6057971715927124,6.0,2.9614956378936768,27.0,46.0,8
L3_B1_H29,8,11,19,0.5985952,0.07790638,0.060111176,2.6631935,7.871856809126194,7.948428011207534,1.689191,5.415098,3,1,2,PCA(n_components=24),24,1.5890002376523016,0.021153517067432404,2.636383610194223,0.8779999999999999,0.007968688725254594,0.8205,0.018466185312619364,0.927,0.09271461589199408,1.5027508735656738,0.5661241412162781,39.0,1.6239845752716064,5.0,6.0,6
L3_B1_H3,17,19,23,0.11437559,0.097969554,0.08717049,15.762091,8.848347031515335,8.186145076800972,2.9245234,18.625345,3,1,3,PCA(n_components=24),24,1.6440084910010113,0.18689584732055664,1.8925077442136797,0.9040000000000001,0.00982344135219428,0.8245000000000001,0.00796868872525462,0.9485000000000001,0.07473453017180211,1.623932123184204,0.29523125290870667,20.0,1.488900065422058,2.0,9.0,4
L3_B1_H30,16,19,23,0.13664034,0.09505443,0.08937917,14.837252,8.612835001772167,8.770646916912996,2.8910646,18.012474,3,1,3,PCA(n_components=24),24,1.4907278491062803,0.12532389163970947,2.1164308130274763,0.8755000000000001,0.02021138293140773,0.8025,0.010606601717798222,0.9325,0.08189169677079598,1.1765670776367188,0.23018009960651398,43.0,1.3587595224380493,18.0,15.0,3
L3_B1_H31,17,20,23,0.12619077,0.09884778,0.093212806,15.326614,8.743025130301259,8.335036821954512,2.9135575,18.42222,3,1,3,PCA(n_components=24),24,1.5409308542569555,0.13726407289505005,2.0026084205163617,0.8815000000000002,0.011789826122551594,0.8245000000000001,0.014696938456699081,0.9400000000000002,0.0687386354243376,1.348166584968567,0.4992118179798126,43.0,2.386242389678955,23.0,24.0,2
L3_B1_H4,17,20,23,0.13053247,0.0985686,0.08348034,15.67103,8.184512391599274,8.872304375170447,2.9383523,18.884705,3,1,4,PCA(n_components=24),24,1.4893956015387826,0.1235211044549942,2.104834871564749,0.8744999999999999,0.007483314773547885,0.8150000000000001,0.004183300132670369,0.937,0.07301369734508723,1.180008053779602,0.26878511905670166,43.0,1.388606071472168,18.0,40.0,1
L3_B1_H5,17,20,23,0.11670033,0.11260909,0.09110945,15.1055765,9.527908817537032,11.364918336786996,2.9056082,18.276356,3,1,5,PCA(n_components=24),24,1.3415271318380386,0.04424005746841431,2.879587663264347,0.743,0.020700241544484445,0.633,0.024259018941416417,0.8429999999999999,0.11478675881825395,0.8539597392082214,0.47546446323394775,27.0,2.0379557609558105,45.0,33.0,1
L3_B1_H6,15,18,22,0.16560593,0.13445322,0.107489415,11.839147,8.986826732652904,9.446349289368678,2.745832,15.577568,3,1,6,PCA(n_components=24),24,1.6562901099832052,0.1266164481639862,2.2430541039253025,0.8345,0.013729530217745981,0.7185,0.018814887722226767,0.898,0.12039933554633929,1.9674643278121948,0.5559038519859314,25.0,2.518726348876953,34.0,18.0,4
L3_B1_H7,15,18,22,0.22711933,0.120809585,0.09818049,10.171645,8.713023494019524,10.416030464094689,2.6890478,14.717655,3,1,7,PCA(n_components=24),24,1.2675147340327377,0.0030732101295143366,3.124455213862326,0.7485,0.017720045146669323,0.663,0.007968688725254624,0.831,0.1200583191619806,0.5654821395874023,0.36156928539276123,37.0,1.3286222219467163,26.0,3.0,5
L3_B1_H8,13,16,21,0.17068624,0.12037462,0.11455401,11.230925,8.025969674410756,7.212517362828306,2.6691217,14.427292,3,1,8,PCA(n_components=24),24,1.8671862025192156,0.1991671770811081,1.7028893332468877,0.9199999999999999,0.015968719422671328,0.836,0.016248076809271938,0.9564999999999999,0.05848290348469371,2.5572874546051025,0.4935515522956848,13.0,2.205383777618408,30.0,25.0,6
L3_B1_H9,17,19,23,0.15281308,0.10363092,0.09221023,14.027132,9.010818597609674,9.275800758183097,2.8741555,17.710463,3,1,9,PCA(n_components=24),24,1.5700191317158496,0.12117696553468704,2.2809444286780987,0.8305,0.01133578404875464,0.7095,0.011113055385446463,0.9020000000000001,0.11443775600735973,1.5268850326538086,0.5067851543426514,26.0,2.116989850997925,6.0,23.0,1
