head_id,pca_90,pca_95,pca_99,evr_pc1,evr_pc2,evr_pc3,pr,twonn,mle,shannon_entropy,eff_rank,layer,block,head,pca_obj,head_dim
L0_B0_H0,1,1,2,0.9606003761291504,0.034831453114748,0.004200947470963001,1.0822697877883911,3.6102283932859365,3.319548665936944,0.1815800815820694,1.1991106271743774,0,0,0,PCA(n_components=24),24
L0_B0_H1,1,2,3,0.9297036528587341,0.05563339218497276,0.0076463110744953156,1.1527067422866821,5.234347959736913,4.587540025879625,0.3082490861415863,1.3610399961471558,0,0,1,PCA(n_components=24),24
L0_B0_H2,1,1,2,0.9676020741462708,0.02565988525748253,0.0061620804481208324,1.0672924518585205,3.8938914818800368,3.471203928681826,0.1617920845746994,1.1756157875061035,0,0,2,PCA(n_components=24),24
L0_B0_H3,2,2,4,0.806611180305481,0.14965777099132538,0.03208698332309723,1.483487844467163,6.064285451549568,4.976680281151263,0.6374399065971375,1.8916319608688354,0,0,3,PCA(n_components=24),24
L0_B1_H0,4,6,10,0.5225282311439514,0.2527190148830414,0.0898718610405922,2.8658981323242188,7.545759335304379,6.885686644401629,1.427539587020874,4.168430328369141,0,1,0,PCA(n_components=24),24
L0_B1_H1,2,2,4,0.8313568234443665,0.1332390457391739,0.019536996260285378,1.4097501039505005,5.860079665365814,5.247067743138607,0.593091607093811,1.8095743656158447,0,1,1,PCA(n_components=24),24
L0_B1_H2,3,4,7,0.5985062122344971,0.17909640073776245,0.15642495453357697,2.3992390632629395,5.47030910214816,5.200182251802997,1.1693120002746582,3.2197766304016113,0,1,2,PCA(n_components=24),24
L0_B1_H3,2,3,6,0.7097793817520142,0.19548028707504272,0.049323245882987976,1.834360122680664,5.939392697937094,5.2681270756413925,0.9194421768188477,2.5078911781311035,0,1,3,PCA(n_components=24),24
L1_B0_H0,8,10,15,0.3076964318752289,0.2016294151544571,0.14226306974887848,5.7281341552734375,8.07235244736944,8.57574551661227,2.0859601497650146,8.052319526672363,1,0,0,PCA(n_components=24),24
L1_B0_H1,7,9,14,0.4204067885875702,0.17623503506183624,0.11205572634935379,4.288084983825684,7.201320530002438,8.196254601916324,1.9071124792099,6.733617305755615,1,0,1,PCA(n_components=24),24
L1_B0_H2,8,10,14,0.30525484681129456,0.17365588247776031,0.11093355715274811,6.285040855407715,7.914937552074478,9.039485232091858,2.1735153198242188,8.7891263961792,1,0,2,PCA(n_components=24),24
L1_B0_H3,6,8,13,0.4196867346763611,0.16474144160747528,0.13787150382995605,4.188623428344727,6.656652493913272,7.310386454501615,1.8219854831695557,6.18412446975708,1,0,3,PCA(n_components=24),24
L1_B0_H4,7,9,15,0.4688170254230499,0.13146813213825226,0.1163206622004509,3.820730686187744,6.9279649414241025,8.05211632460984,1.8620392084121704,6.436849117279053,1,0,4,PCA(n_components=24),24
L1_B0_H5,8,10,14,0.2810993194580078,0.20298826694488525,0.10869929939508438,6.39296817779541,7.776181530866775,8.89549091576305,2.1649789810180664,8.714418411254883,1,0,5,PCA(n_components=24),24
L1_B0_H6,3,5,9,0.747144341468811,0.10787851363420486,0.05728324502706528,1.7390408515930176,6.717067211007468,6.420921953617506,0.9967783689498901,2.709538698196411,1,0,6,PCA(n_components=24),24
L1_B0_H7,4,7,14,0.5417234897613525,0.21395334601402283,0.09097550809383392,2.8393654823303223,8.117387091171901,7.581491467308977,1.4865297079086304,4.421724319458008,1,0,7,PCA(n_components=24),24
L1_B1_H0,8,11,17,0.33434292674064636,0.20945629477500916,0.1183956041932106,5.413848876953125,6.731437726718729,8.258599369139583,2.1009955406188965,8.174304008483887,1,1,0,PCA(n_components=24),24
L1_B1_H1,10,13,20,0.22684995830059052,0.16361741721630096,0.1533164381980896,7.656976699829102,7.859957035953359,9.225210008221005,2.353719711303711,10.524645805358887,1,1,1,PCA(n_components=24),24
L1_B1_H2,9,12,19,0.2985137701034546,0.20419374108314514,0.10208898037672043,6.210799694061279,7.690816098075505,8.984137569452828,2.2267091274261475,9.269311904907227,1,1,2,PCA(n_components=24),24
L1_B1_H3,9,12,18,0.2468891441822052,0.17231154441833496,0.14027781784534454,7.37870454788208,7.333908461719075,8.824562775788683,2.3209776878356934,10.185627937316895,1,1,3,PCA(n_components=24),24
L1_B1_H4,10,13,20,0.2300102412700653,0.15185372531414032,0.13192051649093628,8.366881370544434,8.017054331817636,9.216368773933239,2.436783790588379,11.436199188232422,1,1,4,PCA(n_components=24),24
L1_B1_H5,10,13,19,0.24700014293193817,0.20273098349571228,0.15980269014835358,6.845286846160889,7.90318655694159,9.326473301379242,2.2824020385742188,9.800192832946777,1,1,5,PCA(n_components=24),24
L1_B1_H6,8,11,18,0.2740798890590668,0.20907442271709442,0.12633997201919556,6.218204021453857,6.470750445711658,7.845667928232935,2.160858154296875,8.678582191467285,1,1,6,PCA(n_components=24),24
L1_B1_H7,9,12,18,0.3070164918899536,0.1688786894083023,0.12518484890460968,6.340102672576904,6.849012998632344,8.732818256222687,2.246513843536377,9.454717636108398,1,1,7,PCA(n_components=24),24
L2_B0_H0,11,13,19,0.1991829127073288,0.1777888536453247,0.11677537113428116,8.850316047668457,7.506836902812466,9.601990413847728,2.468442916870117,11.804052352905273,2,0,0,PCA(n_components=24),24
L2_B0_H1,11,14,20,0.24168044328689575,0.17069202661514282,0.1299741119146347,7.950500011444092,7.051777813890175,9.117634773985923,2.4336538314819336,11.400461196899414,2,0,1,PCA(n_components=24),24
L2_B0_H2,12,15,20,0.19148901104927063,0.16908954083919525,0.10718074440956116,9.498254776000977,7.627218289116857,9.851364915553981,2.546623945236206,12.763937950134277,2,0,2,PCA(n_components=24),24
L2_B0_H3,13,16,21,0.1946191042661667,0.12251164019107819,0.11011882871389389,10.532890319824219,8.852181100604128,10.85981864250916,2.643800973892212,14.066568374633789,2,0,3,PCA(n_components=24),24
L2_B0_H4,12,15,20,0.2348325550556183,0.14070813357830048,0.10192912817001343,8.968525886535645,6.5182238140343784,9.149072272692981,2.5334057807922363,12.596333503723145,2,0,4,PCA(n_components=24),24
L2_B0_H5,7,9,14,0.3525114953517914,0.19638481736183167,0.12537992000579834,5.064210891723633,5.681804092500588,7.444745134257721,1.9818145036697388,7.25589656829834,2,0,5,PCA(n_components=24),24
L2_B0_H6,8,11,17,0.43519333004951477,0.1470809429883957,0.0893450379371643,4.299827575683594,6.322842222762464,8.321597054823885,2.004640817642212,7.423426628112793,2,0,6,PCA(n_components=24),24
L2_B0_H7,11,14,20,0.36249327659606934,0.171542689204216,0.09482353180646896,5.473825931549072,7.946124714238702,10.074472636977848,2.2304275035858154,9.303841590881348,2,0,7,PCA(n_components=24),24
L2_B0_H8,14,17,22,0.15103474259376526,0.1406743824481964,0.12250474095344543,11.619531631469727,10.605408780381152,11.951869710872916,2.7112603187561035,15.04822826385498,2,0,8,PCA(n_components=24),24
L2_B0_H9,11,15,20,0.21362042427062988,0.18134889006614685,0.12354985624551773,8.536038398742676,6.800492031596117,9.16840343478811,2.47925066947937,11.932318687438965,2,0,9,PCA(n_components=24),24
L2_B0_H10,12,15,20,0.1821538358926773,0.16443268954753876,0.12875914573669434,9.753362655639648,6.853524032516073,9.639616484159834,2.5702364444732666,13.068915367126465,2,0,1,PCA(n_components=24),24
L2_B0_H11,12,15,20,0.19540172815322876,0.15152457356452942,0.11941912025213242,9.623897552490234,7.07266645799543,8.83424236794256,2.547309637069702,12.77269458770752,2,0,1,PCA(n_components=24),24
L2_B0_H12,11,14,20,0.19892647862434387,0.15710626542568207,0.12906499207019806,9.119366645812988,6.848295541216988,9.25807893229782,2.496089458465576,12.1349458694458,2,0,1,PCA(n_components=24),24
L2_B0_H13,11,14,20,0.2039070725440979,0.1693190187215805,0.12144424766302109,8.993484497070312,7.032997639527132,8.834712891313737,2.5031566619873047,12.2210111618042,2,0,1,PCA(n_components=24),24
L2_B0_H14,10,13,19,0.20629610121250153,0.1737881451845169,0.11857637017965317,8.437006950378418,7.188589754876787,8.498509342633938,2.419541358947754,11.240702629089355,2,0,1,PCA(n_components=24),24
L2_B0_H15,9,12,19,0.2485753446817398,0.18347463011741638,0.1429937481880188,7.280466556549072,7.490817550968077,8.496137118976174,2.321956157684326,10.195598602294922,2,0,1,PCA(n_components=24),24
L2_B1_H0,12,16,21,0.23693601787090302,0.16147491335868835,0.12184137105941772,8.4080171585083,8.742594317201599,10.356297673210992,2.5003247261047363,12.186450004577637,2,1,0,PCA(n_components=24),24
L2_B1_H1,15,18,22,0.1664283275604248,0.1114421933889389,0.10124832391738892,12.516579627990723,9.130262521522505,11.62906298755042,2.78300142288208,16.1674747467041,2,1,1,PCA(n_components=24),24
L2_B1_H2,16,19,22,0.14129632711410522,0.10982083529233932,0.08991438895463943,14.081369400024414,9.553076504343254,12.596630237886915,2.853818893432617,17.353927612304688,2,1,2,PCA(n_components=24),24
L2_B1_H3,14,17,22,0.1985822170972824,0.11191806197166443,0.1045479029417038,10.980897903442383,8.324494623242913,11.237656559011679,2.693455696105957,14.782671928405762,2,1,3,PCA(n_components=24),24
L2_B1_H4,11,14,20,0.44763994216918945,0.11245258152484894,0.08158054202795029,4.321374893188477,8.298569226582524,10.766652151027639,2.116335391998291,8.300662994384766,2,1,4,PCA(n_components=24),24
L2_B1_H5,14,17,22,0.20436571538448334,0.16319622099399567,0.12652648985385895,9.47071361541748,9.51422575144891,11.556777967045674,2.597745895385742,13.433423042297363,2,1,5,PCA(n_components=24),24
L2_B1_H6,13,16,21,0.22469426691532135,0.18842487037181854,0.10270857065916061,8.628412246704102,7.819621929414281,10.33133353292431,2.5403385162353516,12.683963775634766,2,1,6,PCA(n_components=24),24
L2_B1_H7,14,17,22,0.28147125244140625,0.13394251465797424,0.08682865649461746,8.012368202209473,7.755960805245204,10.237473257537673,2.543426036834717,12.723185539245605,2,1,7,PCA(n_components=24),24
L2_B1_H8,16,19,23,0.12330733239650726,0.10084406286478043,0.08660122007131577,15.280335426330566,9.855436736465892,12.749255872426682,2.9005229473114014,18.183652877807617,2,1,8,PCA(n_components=24),24
L2_B1_H9,14,17,22,0.24293678998947144,0.12010744214057922,0.09807631373405457,9.423468589782715,7.231485212062083,10.667374700376786,2.6234798431396484,13.783605575561523,2,1,9,PCA(n_components=24),24
L2_B1_H10,15,18,22,0.1809074431657791,0.12094642966985703,0.10909119993448257,11.697754859924316,7.17523056863013,11.034575988816705,2.7473254203796387,15.600850105285645,2,1,1,PCA(n_components=24),24
L2_B1_H11,11,15,20,0.22991053760051727,0.15863890945911407,0.11409306526184082,8.648970603942871,6.714553264338259,8.829955285573186,2.4928786754608154,12.09604549407959,2,1,1,PCA(n_components=24),24
L2_B1_H12,12,16,21,0.35661640763282776,0.12276967614889145,0.10463501513004303,5.969241619110107,7.659672747271211,10.355075905935758,2.353093385696411,10.51805591583252,2,1,1,PCA(n_components=24),24
L2_B1_H13,12,15,22,0.2774617373943329,0.15516960620880127,0.13339586555957794,7.27041482925415,8.906009167427543,10.438106383183209,2.413019895553589,11.167634963989258,2,1,1,PCA(n_components=24),24
L2_B1_H14,7,10,17,0.32201850414276123,0.1692470908164978,0.1660701185464859,5.492783546447754,6.3281566443768,7.771218430534467,2.052938461303711,7.790760517120361,2,1,1,PCA(n_components=24),24
L2_B1_H15,11,14,19,0.24722617864608765,0.1815447062253952,0.11602896451950073,7.825509071350098,6.961006690399104,8.944613416103728,2.423769235610962,11.288328170776367,2,1,1,PCA(n_components=24),24
L2_B2_H0,16,20,23,0.1221289336681366,0.1153552308678627,0.08990209549665451,14.783677101135254,7.897937042651015,11.591494376674211,2.890758752822876,18.00696563720703,2,2,0,PCA(n_components=24),24
L2_B2_H1,15,18,22,0.17124783992767334,0.11463964730501175,0.09756622463464737,12.268514633178711,8.436817871925303,10.875026040370756,2.7712290287017822,15.97826099395752,2,2,1,PCA(n_components=24),24
L2_B2_H2,16,19,23,0.15164272487163544,0.13787077367305756,0.08451715111732483,12.991120338439941,9.243609756710253,11.164641222870735,2.8171772956848145,16.729562759399414,2,2,2,PCA(n_components=24),24
L2_B2_H3,16,20,23,0.1797276884317398,0.11039301753044128,0.08417569845914841,12.741389274597168,7.717697996337424,11.73344032682273,2.8284225463867188,16.918750762939453,2,2,3,PCA(n_components=24),24
L2_B2_H4,16,19,22,0.13352206349372864,0.10717069357633591,0.08488166332244873,14.866028785705566,9.934936694060848,11.874434351151303,2.8882675170898438,17.9621639251709,2,2,4,PCA(n_components=24),24
L2_B2_H5,11,14,19,0.21418718993663788,0.18561330437660217,0.10779666900634766,8.410429000854492,8.376881964109971,9.535753020013788,2.4434046745300293,11.51216983795166,2,2,5,PCA(n_components=24),24
L2_B2_H6,13,16,21,0.2809004485607147,0.1686728447675705,0.10790451616048813,7.390082359313965,8.693926821317271,10.795634559925627,2.4559788703918457,11.65783977508545,2,2,6,PCA(n_components=24),24
L2_B2_H7,14,17,21,0.14565299451351166,0.1208358034491539,0.11723770201206207,12.320822715759277,9.455325942948305,11.098912979679417,2.7386631965637207,15.46629524230957,2,2,7,PCA(n_components=24),24
L2_B2_H8,14,17,21,0.22191122174263,0.15077140927314758,0.08585326373577118,9.741678237915039,8.47521734262669,10.901160230741713,2.6313343048095703,13.892292976379395,2,2,8,PCA(n_components=24),24
L2_B2_H9,16,19,23,0.19320739805698395,0.10478130728006363,0.08792924880981445,12.152153015136719,8.349746892529309,11.784364041697689,2.805427074432373,16.534133911132812,2,2,9,PCA(n_components=24),24
L2_B2_H10,16,19,23,0.2588502764701843,0.10252505540847778,0.08975469321012497,9.430357933044434,9.541779773984846,11.850520127781524,2.6867759227752686,14.684256553649902,2,2,1,PCA(n_components=24),24
L2_B2_H11,14,17,22,0.2543533146381378,0.1339641809463501,0.12165525555610657,8.645118713378906,9.008049510002047,11.1454190801047,2.574331760406494,13.12254524230957,2,2,1,PCA(n_components=24),24
L2_B2_H12,15,19,23,0.20278619229793549,0.11756738275289536,0.09635023027658463,11.310343742370605,8.635541344809825,11.250942960050757,2.7532706260681152,15.693876266479492,2,2,1,PCA(n_components=24),24
L2_B2_H13,16,19,23,0.1354437619447708,0.11002949625253677,0.09580400586128235,14.254032135009766,8.422917483347872,11.859719328812396,2.8712158203125,17.658475875854492,2,2,1,PCA(n_components=24),24
L2_B2_H14,16,19,23,0.14139719307422638,0.11651789397001266,0.0942222848534584,14.02939224243164,7.766936612754757,10.441377888871761,2.8679471015930176,17.600847244262695,2,2,1,PCA(n_components=24),24
L2_B2_H15,17,20,23,0.14190572500228882,0.09891706705093384,0.08585407584905624,15.06586742401123,7.923574161096466,11.974845579806766,2.915570020675659,18.459331512451172,2,2,1,PCA(n_components=24),24
L2_B3_H0,10,13,20,0.28914764523506165,0.19315671920776367,0.08849836885929108,6.741664409637451,9.475091598206088,10.492824610702085,2.3286681175231934,10.264261245727539,2,3,0,PCA(n_components=24),24
L2_B3_H1,17,19,23,0.13049620389938354,0.10865551233291626,0.09663447737693787,14.832891464233398,10.359383693822014,12.828708490662681,2.8977794647216797,18.133834838867188,2,3,1,PCA(n_components=24),24
L2_B3_H2,15,18,23,0.1924191415309906,0.11573352664709091,0.0967717319726944,11.677268028259277,8.427893723121015,11.754724962203138,2.7635750770568848,15.856429100036621,2,3,2,PCA(n_components=24),24
L2_B3_H3,15,17,22,0.18345826864242554,0.13436682522296906,0.09404890239238739,11.5894136428833,9.484271451095747,11.266149510747223,2.7424492835998535,15.524964332580566,2,3,3,PCA(n_components=24),24
L2_B3_H4,17,20,23,0.1943359076976776,0.1035386249423027,0.08023504167795181,12.689855575561523,10.273417949235393,13.002046977911297,2.850492238998413,17.296293258666992,2,3,4,PCA(n_components=24),24
L2_B3_H5,17,20,23,0.12798818945884705,0.10581281036138535,0.09356202930212021,15.570467948913574,9.112624234018487,12.293250336042398,2.9367127418518066,18.85376739501953,2,3,5,PCA(n_components=24),24
L2_B3_H6,11,14,20,0.2479032576084137,0.17732200026512146,0.11397425085306168,7.7260942459106445,8.195985287295596,9.520246618801991,2.4008419513702393,11.032462120056152,2,3,6,PCA(n_components=24),24
L2_B3_H7,16,19,23,0.17560617625713348,0.12588052451610565,0.10502994805574417,11.989561080932617,8.639844034959129,11.640063912736574,2.779343605041504,16.108444213867188,2,3,7,PCA(n_components=24),24
L2_B3_H8,16,19,23,0.1428140252828598,0.12221463769674301,0.10320644825696945,13.380285263061523,8.194191130704317,11.69992416034071,2.8262805938720703,16.882551193237305,2,3,8,PCA(n_components=24),24
L2_B3_H9,16,19,23,0.14106141030788422,0.10627266019582748,0.08922982215881348,14.449295997619629,10.622879471968954,12.235214034705617,2.877364158630371,17.767377853393555,2,3,9,PCA(n_components=24),24
L2_B3_H10,17,20,23,0.11769221723079681,0.10090210288763046,0.09307827800512314,15.57580852508545,8.868511422934144,12.166289330151864,2.9241890907287598,18.619123458862305,2,3,1,PCA(n_components=24),24
L2_B3_H11,18,20,23,0.12280241400003433,0.0940517708659172,0.07541806995868683,16.29963493347168,10.115522780809743,13.00131854421688,2.9585447311401367,19.269908905029297,2,3,1,PCA(n_components=24),24
L2_B3_H12,16,19,23,0.12507353723049164,0.11266128718852997,0.09186657518148422,14.703689575195312,10.709183287205178,12.34403565502083,2.884158134460449,17.88850212097168,2,3,1,PCA(n_components=24),24
L2_B3_H13,17,20,23,0.13816890120506287,0.10928931832313538,0.08739018440246582,15.124887466430664,9.906205089138574,12.861630895930604,2.9254939556121826,18.6434326171875,2,3,1,PCA(n_components=24),24
L2_B3_H14,17,20,23,0.11128052324056625,0.09415584057569504,0.08654317259788513,16.32895851135254,9.397645507194579,12.054472819612485,2.953469753265381,19.17236328125,2,3,1,PCA(n_components=24),24
L2_B3_H15,17,19,23,0.11946867406368256,0.10320763289928436,0.09186740219593048,15.588650703430176,10.381658477838947,12.78279683163326,2.92366099357605,18.60929298400879,2,3,1,PCA(n_components=24),24
L2_B4_H0,17,20,23,0.11347544938325882,0.10301294922828674,0.09716625511646271,15.94421100616455,10.308693076959193,11.752902115222136,2.943983793258667,18.991352081298828,2,4,0,PCA(n_components=24),24
L2_B4_H1,16,19,23,0.11343741416931152,0.09936773031949997,0.0872999057173729,15.79152774810791,10.687265081443373,12.304866502185266,2.9208860397338867,18.557722091674805,2,4,1,PCA(n_components=24),24
L2_B4_H2,18,21,23,0.12500837445259094,0.09758815169334412,0.07660205662250519,16.453706741333008,11.34753808615612,12.73440870618473,2.9723129272460938,19.53705596923828,2,4,2,PCA(n_components=24),24
L2_B4_H3,15,18,22,0.2156328409910202,0.12483135610818863,0.09188612550497055,10.565620422363281,8.968808266742768,10.67626300878245,2.703794240951538,14.936295509338379,2,4,3,PCA(n_components=24),24
L2_B4_H4,15,19,23,0.1668514609336853,0.11715897917747498,0.10648848861455917,12.440414428710938,10.478477028512378,12.016163657957714,2.7907094955444336,16.292573928833008,2,4,4,PCA(n_components=24),24
L2_B4_H5,17,20,23,0.15872351825237274,0.11028792709112167,0.09021397680044174,13.659330368041992,11.009438368850079,12.63794642182525,2.8618555068969727,17.493955612182617,2,4,5,PCA(n_components=24),24
L2_B4_H6,17,20,23,0.11824341118335724,0.09702367335557938,0.0921630933880806,15.612483978271484,10.015199660548516,12.98011239274735,2.926344156265259,18.659290313720703,2,4,6,PCA(n_components=24),24
L2_B4_H7,17,20,23,0.1502256691455841,0.1250048577785492,0.08200939744710922,14.246481895446777,10.057650368064431,13.012857184053441,2.899038314819336,18.156675338745117,2,4,7,PCA(n_components=24),24
L2_B4_H8,17,20,23,0.13076253235340118,0.10946907848119736,0.08871100097894669,15.021223068237305,9.32641859539959,11.991548028131977,2.9108080863952637,18.37163734436035,2,4,8,PCA(n_components=24),24
L2_B4_H9,16,19,23,0.19989587366580963,0.10254453122615814,0.08346476405858994,12.144854545593262,8.311041015058214,10.745404713939326,2.814847469329834,16.690629959106445,2,4,9,PCA(n_components=24),24
L2_B4_H10,15,18,22,0.205191507935524,0.11495727300643921,0.09269823879003525,11.1721773147583,9.541167222032648,11.008936753447724,2.7358932495117188,15.423513412475586,2,4,1,PCA(n_components=24),24
L2_B4_H11,17,20,23,0.1435563862323761,0.11393598467111588,0.08006154745817184,14.589914321899414,9.680610213749999,11.818258550083668,2.896430015563965,18.109378814697266,2,4,1,PCA(n_components=24),24
L2_B4_H12,16,19,23,0.15954017639160156,0.12352127581834793,0.08398380875587463,13.298026084899902,10.37343486822546,12.749964766292223,2.841653347015381,17.144088745117188,2,4,1,PCA(n_components=24),24
L2_B4_H13,17,20,23,0.1106477677822113,0.10733433812856674,0.08613108843564987,15.872283935546875,8.934482390064604,11.41428216873838,2.934048652648926,18.803606033325195,2,4,1,PCA(n_components=24),24
L2_B4_H14,17,20,23,0.16524538397789001,0.11135087162256241,0.08827205747365952,13.501045227050781,7.806525749567766,10.028629746616133,2.864194869995117,17.534931182861328,2,4,1,PCA(n_components=24),24
L2_B4_H15,18,21,23,0.12164084613323212,0.10187443345785141,0.09649386256933212,15.986930847167969,9.363562030354545,12.792428863512066,2.956261157989502,19.225954055786133,2,4,1,PCA(n_components=24),24
L2_B5_H0,17,20,23,0.14871937036514282,0.09880727529525757,0.07830693572759628,15.171391487121582,11.052192656128772,13.619950317106337,2.930692434310913,18.740604400634766,2,5,0,PCA(n_components=24),24
L2_B5_H1,17,20,23,0.11625993996858597,0.0994475856423378,0.08412273973226547,16.147653579711914,9.678144474220288,12.547920321209368,2.9506449699401855,19.1182804107666,2,5,1,PCA(n_components=24),24
L2_B5_H2,15,18,22,0.1498337835073471,0.1085263341665268,0.094270721077919,13.658581733703613,11.306543263475975,12.598427510062459,2.835244655609131,17.03456687927246,2,5,2,PCA(n_components=24),24
L2_B5_H3,12,15,21,0.3127481937408447,0.1090291440486908,0.10088230669498444,7.081841945648193,9.100033466553565,10.291179156076375,2.4351983070373535,11.418081283569336,2,5,3,PCA(n_components=24),24
L2_B5_H4,13,16,21,0.1971701830625534,0.1472482830286026,0.127893328666687,9.881102561950684,8.755573526816136,9.845305126214885,2.6123127937316895,13.630539894104004,2,5,4,PCA(n_components=24),24
L2_B5_H5,16,19,23,0.16333283483982086,0.1233697235584259,0.11079321801662445,12.480265617370605,8.413311197693996,9.86967505271747,2.796421766281128,16.385908126831055,2,5,5,PCA(n_components=24),24
L2_B5_H6,16,19,23,0.14201965928077698,0.09992153942584991,0.09557592868804932,14.518534660339355,10.210792303606489,11.206341218261132,2.8858160972595215,17.918184280395508,2,5,6,PCA(n_components=24),24
L2_B5_H7,17,20,23,0.1544688493013382,0.13107934594154358,0.10085137188434601,13.035238265991211,7.801262848794664,9.304092081551829,2.8330183029174805,16.99668312072754,2,5,7,PCA(n_components=24),24
L2_B5_H8,17,20,23,0.12822145223617554,0.09603969007730484,0.0791853740811348,15.633428573608398,9.35943736862862,11.605895559895918,2.9312076568603516,18.750259399414062,2,5,8,PCA(n_components=24),24
L2_B5_H9,16,19,23,0.16196227073669434,0.10710223019123077,0.09067284315824509,13.540373802185059,10.209316074128486,12.034406171822738,2.851900815963745,17.320674896240234,2,5,9,PCA(n_components=24),24
L2_B5_H10,15,18,22,0.22065526247024536,0.09583098441362381,0.086905337870121,10.919517517089844,9.808093427271087,11.547304079955135,2.733139991760254,15.381108283996582,2,5,1,PCA(n_components=24),24
L2_B5_H11,17,20,23,0.12874266505241394,0.11018408089876175,0.085008405148983,14.960678100585938,10.47282940831405,11.228171601666581,2.902759552001953,18.224367141723633,2,5,1,PCA(n_components=24),24
L2_B5_H12,16,19,23,0.16494397819042206,0.10888460278511047,0.09072956442832947,13.446205139160156,10.759926873434202,12.94983219426975,2.8553781509399414,17.381010055541992,2,5,1,PCA(n_components=24),24
L2_B5_H13,16,19,23,0.1430707722902298,0.11426271498203278,0.09562954306602478,13.931973457336426,9.758952693148919,12.01543157951934,2.8553879261016846,17.381179809570312,2,5,1,PCA(n_components=24),24
L2_B5_H14,17,20,23,0.1411951184272766,0.1186206266283989,0.08552136272192001,14.454590797424316,10.813229023432978,12.789160291731806,2.89445424079895,18.07363510131836,2,5,1,PCA(n_components=24),24
L2_B5_H15,16,19,23,0.1480245590209961,0.10950817167758942,0.08948744088411331,13.919879913330078,11.112217082971114,12.33378070804456,2.854396343231201,17.36395263671875,2,5,1,PCA(n_components=24),24
L3_B0_H0,17,20,23,0.14615704119205475,0.09912031143903732,0.09132923185825348,14.850017547607422,10.09304002557423,10.917692272363755,2.9167075157165527,18.48033905029297,3,0,0,PCA(n_components=24),24
L3_B0_H1,18,21,24,0.108323834836483,0.09378158301115036,0.07801076024770737,17.146442413330078,8.345995154181951,9.181788939531037,2.989020586013794,19.8662166595459,3,0,1,PCA(n_components=24),24
L3_B0_H2,18,20,24,0.1650952249765396,0.09914781153202057,0.0787593200802803,14.407867431640625,8.827033516367194,10.688908747548432,2.915588140487671,18.459665298461914,3,0,2,PCA(n_components=24),24
L3_B0_H3,18,21,24,0.12982574105262756,0.09374638646841049,0.08095615357160568,16.26696014404297,8.706742161438962,10.237182961324361,2.9679131507873535,19.45128631591797,3,0,3,PCA(n_components=24),24
L3_B0_H4,17,20,23,0.14415255188941956,0.10955008119344711,0.09440170973539352,14.356000900268555,8.357668815713701,9.380066412284782,2.8878166675567627,17.95406723022461,3,0,4,PCA(n_components=24),24
L3_B0_H5,12,16,21,0.30336710810661316,0.15116599202156067,0.0735129714012146,7.1509246826171875,8.26188952342386,8.7608798203128,2.4477696418762207,11.562528610229492,3,0,5,PCA(n_components=24),24
L3_B0_H6,18,21,24,0.1291523575782776,0.08754712343215942,0.08238645642995834,16.321025848388672,8.205285844291316,9.61434562252575,2.9696590900421143,19.485275268554688,3,0,6,PCA(n_components=24),24
L3_B0_H7,18,21,24,0.1381460279226303,0.09174572676420212,0.0890478566288948,15.628822326660156,9.38613319640983,12.589600513256,2.9474189281463623,19.056703567504883,3,0,7,PCA(n_components=24),24
L3_B0_H8,17,20,23,0.11052604764699936,0.09861303865909576,0.09113585948944092,16.185548782348633,8.71956618380547,8.889976692205583,2.945585250854492,19.021793365478516,3,0,8,PCA(n_components=24),24
L3_B0_H9,16,19,23,0.13434648513793945,0.12197605520486832,0.10702192783355713,13.79367733001709,8.65418726840117,8.555829705249723,2.8521037101745605,17.324188232421875,3,0,9,PCA(n_components=24),24
L3_B0_H10,18,21,24,0.09887911379337311,0.09214320033788681,0.08985333889722824,17.289581298828125,9.991062427937521,11.764282040710496,2.993032217025757,19.94607162475586,3,0,1,PCA(n_components=24),24
L3_B0_H11,18,21,24,0.11201991140842438,0.0919312834739685,0.0787629708647728,17.31842613220215,8.786420099974332,9.667023836761581,2.9998068809509277,20.0816593170166,3,0,1,PCA(n_components=24),24
L3_B0_H12,17,20,23,0.18033626675605774,0.1220504492521286,0.10235549509525299,12.505239486694336,9.531945117775155,11.29400069017222,2.831887722015381,16.97747802734375,3,0,1,PCA(n_components=24),24
L3_B0_H13,17,20,23,0.12413331121206284,0.11528459191322327,0.08966290950775146,14.780312538146973,9.709046382405408,11.136688039297816,2.8999996185302734,18.17413902282715,3,0,1,PCA(n_components=24),24
L3_B0_H14,17,20,23,0.12806229293346405,0.11372487246990204,0.08249051123857498,15.41670036315918,8.372974927320081,8.484493408380741,2.9299774169921875,18.72720718383789,3,0,1,PCA(n_components=24),24
L3_B0_H15,18,21,24,0.13174907863140106,0.09300024062395096,0.08987109363079071,15.699381828308105,8.625383388810977,9.85519032925231,2.9442641735076904,18.996679306030273,3,0,1,PCA(n_components=24),24
L3_B0_H16,18,21,24,0.1107601597905159,0.0998624861240387,0.07659127563238144,16.884544372558594,9.657805999157771,11.604828754586112,2.9846255779266357,19.779094696044922,3,0,1,PCA(n_components=24),24
L3_B0_H17,16,19,23,0.19382238388061523,0.1723477691411972,0.08206227421760559,10.55164909362793,11.477779750119874,12.249738191906143,2.723769187927246,15.23764705657959,3,0,1,PCA(n_components=24),24
L3_B0_H18,17,20,23,0.11315863579511642,0.09640618413686752,0.08980867266654968,16.069904327392578,7.792525865754443,8.17179414451493,2.94293212890625,18.971391677856445,3,0,1,PCA(n_components=24),24
L3_B0_H19,18,21,24,0.0981483906507492,0.09080567210912704,0.08438457548618317,17.544694900512695,9.318892269819775,12.162253748491107,3.0030293464660645,20.146474838256836,3,0,1,PCA(n_components=24),24
L3_B0_H20,14,18,22,0.2995869517326355,0.07923536002635956,0.07404732704162598,8.102184295654297,8.508824094012645,10.530874793732412,2.6053590774536133,13.53608512878418,3,0,2,PCA(n_components=24),24
L3_B0_H21,17,20,24,0.20559832453727722,0.08746019005775452,0.07492387294769287,12.513594627380371,11.046094765179062,13.181728989000865,2.8603315353393555,17.467317581176758,3,0,2,PCA(n_components=24),24
L3_B0_H22,16,19,23,0.3388148546218872,0.0693005844950676,0.06469057500362396,7.090839862823486,9.157032846453143,10.958320460946654,2.5940489768981934,13.3838529586792,3,0,2,PCA(n_components=24),24
L3_B0_H23,17,20,23,0.15002769231796265,0.1021503284573555,0.09999889880418777,14.248645782470703,9.087928346993333,10.5032735309025,2.890627861022949,18.004610061645508,3,0,2,PCA(n_components=24),24
L3_B0_H24,17,20,23,0.1328471153974533,0.10833730548620224,0.0828564465045929,15.104279518127441,10.097448058033574,12.340871887075227,2.917910575866699,18.502588272094727,3,0,2,PCA(n_components=24),24
L3_B0_H25,15,18,22,0.19919022917747498,0.13788588345050812,0.10352933406829834,10.856735229492188,8.574912454034438,8.452300828359174,2.722543239593506,15.218978881835938,3,0,2,PCA(n_components=24),24
L3_B0_H26,17,20,23,0.11738081276416779,0.10221102088689804,0.08653616160154343,15.840835571289062,9.03828845335442,9.277466621482523,2.935572862625122,18.83228874206543,3,0,2,PCA(n_components=24),24
L3_B0_H27,18,21,24,0.11708291620016098,0.09421427547931671,0.08990290760993958,16.393268585205078,9.721573069727908,11.920316438009362,2.965953826904297,19.413211822509766,3,0,2,PCA(n_components=24),24
L3_B0_H28,18,21,24,0.1280934065580368,0.10027037560939789,0.08377887308597565,15.928437232971191,7.646372474998754,9.5806664787527,2.9541854858398438,19.18609046936035,3,0,2,PCA(n_components=24),24
L3_B0_H29,19,21,24,0.12611079216003418,0.0939333587884903,0.07855980098247528,16.685897827148438,9.090107376315942,12.161096467152202,2.9877243041992188,19.840478897094727,3,0,2,PCA(n_components=24),24
L3_B0_H30,16,19,23,0.16222286224365234,0.118006132543087,0.09386643767356873,12.980117797851562,7.747034985025221,7.329097087490909,2.817777156829834,16.739601135253906,3,0,3,PCA(n_components=24),24
L3_B0_H31,17,20,23,0.1372324824333191,0.10740063339471817,0.08806613087654114,14.632662773132324,8.502547988021611,9.22995737383484,2.8944640159606934,18.073810577392578,3,0,3,PCA(n_components=24),24
L3_B1_H0,16,19,23,0.15823006629943848,0.11457307636737823,0.10318715125322342,12.818357467651367,9.897273504851691,11.486426981530498,2.8135132789611816,16.668376922607422,3,1,0,PCA(n_components=24),24
L3_B1_H1,15,18,23,0.17545489966869354,0.1380699872970581,0.10859116911888123,11.26339054107666,8.332521444191164,8.255641131259353,2.7185511589050293,15.158344268798828,3,1,1,PCA(n_components=24),24
L3_B1_H2,16,19,23,0.15276432037353516,0.14268575608730316,0.1205652505159378,11.981769561767578,10.081111829988046,11.536812219382664,2.767645835876465,15.921109199523926,3,1,2,PCA(n_components=24),24
L3_B1_H3,16,19,23,0.11953794956207275,0.10497239232063293,0.0942062959074974,15.123595237731934,8.901136929653878,8.116735968202478,2.899292230606079,18.161287307739258,3,1,3,PCA(n_components=24),24
L3_B1_H4,17,20,23,0.1505030244588852,0.1057078167796135,0.08044979721307755,14.593855857849121,8.178330914283908,8.847336848063996,2.9068963527679443,18.29991340637207,3,1,4,PCA(n_components=24),24
L3_B1_H5,17,20,23,0.13864636421203613,0.11638013273477554,0.10530125349760056,13.917008399963379,9.602090157786176,11.353667383578893,2.8652782440185547,17.553937911987305,3,1,5,PCA(n_components=24),24
L3_B1_H6,15,18,22,0.18208326399326324,0.14830198884010315,0.10682854056358337,10.918551445007324,9.011347500366664,9.38362873199808,2.7028024196624756,14.921489715576172,3,1,6,PCA(n_components=24),24
L3_B1_H7,14,17,22,0.31556031107902527,0.10822848230600357,0.08487910032272339,7.332125663757324,8.9382494465131,10.386005182506775,2.529630422592163,12.548866271972656,3,1,7,PCA(n_components=24),24
L3_B1_H8,13,16,21,0.22631017863750458,0.12154819071292877,0.11692310124635696,9.473440170288086,7.882414391799667,7.100431923240365,2.586587429046631,13.2843599319458,3,1,8,PCA(n_components=24),24
L3_B1_H9,16,19,23,0.16059760749340057,0.1152537614107132,0.09360133856534958,13.154328346252441,9.051563893383523,9.263559896366758,2.8346147537231445,17.023839950561523,3,1,9,PCA(n_components=24),24
L3_B1_H10,17,20,23,0.1300991028547287,0.1031842827796936,0.083959199488163,15.540616035461426,9.63711402939052,10.527356539587283,2.9311461448669434,18.749107360839844,3,1,1,PCA(n_components=24),24
L3_B1_H11,15,18,22,0.1454201191663742,0.12056022882461548,0.11126087605953217,12.529314041137695,8.445362250217961,9.968338800552893,2.7701146602630615,15.96046257019043,3,1,1,PCA(n_components=24),24
L3_B1_H12,17,20,23,0.2038765847682953,0.09153223782777786,0.07777126878499985,12.112237930297852,9.005199865582703,10.596511876063872,2.8194503784179688,16.76763153076172,3,1,1,PCA(n_components=24),24
L3_B1_H13,16,19,23,0.1633763462305069,0.14323852956295013,0.10618739575147629,12.080998420715332,8.656893243385296,9.653236041677136,2.7794687747955322,16.11046028137207,3,1,1,PCA(n_components=24),24
L3_B1_H14,17,20,23,0.16799750924110413,0.1130327507853508,0.07698788493871689,13.688485145568848,8.916842640281162,9.963859421907808,2.878481864929199,17.787250518798828,3,1,1,PCA(n_components=24),24
L3_B1_H15,14,18,22,0.17785272002220154,0.1384972780942917,0.08875597268342972,11.72093677520752,8.579169220405976,7.6084753380421315,2.7425289154052734,15.526200294494629,3,1,1,PCA(n_components=24),24
L3_B1_H16,16,19,23,0.16879905760288239,0.13369709253311157,0.11312144994735718,12.182388305664062,8.793756414239882,7.6093747687378475,2.792428493499756,16.320606231689453,3,1,1,PCA(n_components=24),24
L3_B1_H17,14,17,22,0.2934314012527466,0.12303463369607925,0.08593631535768509,7.809430122375488,9.346700472644077,10.374926852100764,2.542604446411133,12.712738037109375,3,1,1,PCA(n_components=24),24
L3_B1_H18,15,18,22,0.16872568428516388,0.11055625230073929,0.09558068960905075,12.482681274414062,8.687854127015756,8.784815062949999,2.7797389030456543,16.11481285095215,3,1,1,PCA(n_components=24),24
L3_B1_H19,16,19,23,0.20451658964157104,0.12681451439857483,0.09959851205348969,11.033711433410645,8.362266687576637,8.595366616165666,2.74462890625,15.558839797973633,3,1,1,PCA(n_components=24),24
L3_B1_H20,15,18,23,0.1691790074110031,0.11014605313539505,0.09978558123111725,12.426403045654297,8.504123632945737,7.842705126124238,2.783371925354004,16.173465728759766,3,1,2,PCA(n_components=24),24
L3_B1_H21,16,19,23,0.1926543414592743,0.14332550764083862,0.0979154035449028,11.23988151550293,9.189221125817708,10.436723331254093,2.760054111480713,15.800697326660156,3,1,2,PCA(n_components=24),24
L3_B1_H22,16,19,23,0.21320100128650665,0.11205941438674927,0.08557705581188202,11.05982494354248,10.51687736893689,12.03476452664083,2.748400926589966,15.617637634277344,3,1,2,PCA(n_components=24),24
L3_B1_H23,16,19,23,0.21534785628318787,0.11654333770275116,0.09336759895086288,10.969705581665039,9.769127851707793,11.5982249917419,2.7558720111846924,15.734756469726562,3,1,2,PCA(n_components=24),24
L3_B1_H24,16,19,23,0.18943679332733154,0.10438784211874008,0.0827295258641243,12.441362380981445,8.590328085466542,8.527258067975882,2.8164172172546387,16.71685028076172,3,1,2,PCA(n_components=24),24
L3_B1_H25,16,19,23,0.1488002985715866,0.131361186504364,0.08799486607313156,13.172986030578613,8.084967359717234,7.156640680978768,2.8230443000793457,16.828001022338867,3,1,2,PCA(n_components=24),24
L3_B1_H26,17,20,23,0.1286349594593048,0.12460529804229736,0.09308068454265594,14.33964729309082,9.88959353046899,12.172574799411429,2.881218433380127,17.83599090576172,3,1,2,PCA(n_components=24),24
L3_B1_H27,17,20,23,0.14983434975147247,0.09926106035709381,0.09667245298624039,14.3905611038208,8.598601458723238,9.406406882864255,2.894221782684326,18.069433212280273,3,1,2,PCA(n_components=24),24
L3_B1_H28,15,19,23,0.21522192656993866,0.11338689178228378,0.10337674617767334,10.685449600219727,8.27037170674533,8.296298595393644,2.724677562713623,15.251496315002441,3,1,2,PCA(n_components=24),24
L3_B1_H29,8,11,19,0.622793972492218,0.07488681375980377,0.06161688640713692,2.4788503646850586,7.901428634881496,7.933455611229706,1.6165448427200317,5.035661220550537,3,1,2,PCA(n_components=24),24
L3_B1_H30,16,19,23,0.15091349184513092,0.10746889561414719,0.0913962796330452,13.846574783325195,8.673518731614347,8.755083105761106,2.8537073135375977,17.351991653442383,3,1,3,PCA(n_components=24),24
L3_B1_H31,16,19,23,0.1415603756904602,0.10881759971380234,0.08826855570077896,14.377530097961426,8.697996179516064,8.276570775771374,2.87985897064209,17.8117618560791,3,1,3,PCA(n_components=24),24
